year,age_group,house_price_2024d,tuition_2024d,auto_2024d,health_2024d,wage_annual_2024d,mortgage_rate,auto_rate,student_rate,pay_house,pay_degree,pay_car,pay_health,pay_total,share_house,hours_house,share_degree,hours_degree,share_car,hours_car,share_health,hours_health,share_total,hours_total
1947,25 to 34 Years,,,9351.888085942444,156.10906307515566,24249.540382571733,0.0754175,0.1005,0.08,,,1756.1474900067249,156.10906307515566,1912.2565530818806,,,,,0.07241982579054888,144.83965158109777,0.006437609151031664,12.875218302063328,0.07885743494158054,157.71486988316107
1947,35 to 44 Years,,,9351.888085942444,156.10906307515566,27771.69179229481,0.0754175,0.1005,0.08,,,1756.1474900067249,156.10906307515566,1912.2565530818806,,,,,0.06323516417872548,126.47032835745095,0.0056211578409662375,11.242315681932475,0.06885632201969172,137.71264403938343
1947,45 to 54 Years,,,9351.888085942444,156.10906307515566,26363.927004737678,0.0754175,0.1005,0.08,,,1756.1474900067249,156.10906307515566,1912.2565530818806,,,,,0.06661175665109147,133.22351330218294,0.005921312976139798,11.842625952279596,0.07253306962723127,145.06613925446254
1947,55 to 64 Years,,,9351.888085942444,156.10906307515566,22891.688483247268,0.0754175,0.1005,0.08,,,1756.1474900067249,156.10906307515566,1912.2565530818806,,,,,0.07671550708423798,153.43101416847597,0.006819464767284437,13.638929534568874,0.08353497185152242,167.06994370304486
1947,65 Years and Older,,,9351.888085942444,156.10906307515566,9268.221090909092,0.0754175,0.1005,0.08,,,1756.1474900067249,156.10906307515566,1912.2565530818806,,,,,0.18948053491400577,378.96106982801155,0.016843476384942754,33.68695276988551,0.20632401129894853,412.64802259789707
1948,25 to 34 Years,,,10182.145356730278,165.90790888048852,24565.219929933828,0.0754175,0.1005,0.08,,,1912.0576344347364,165.90790888048852,2077.9655433152247,,,,,0.07783596645535455,155.6719329107091,0.006753772583909263,13.507545167818526,0.0845897390392638,169.1794780785276
1948,35 to 44 Years,,,10182.145356730278,165.90790888048852,26839.303116147308,0.0754175,0.1005,0.08,,,1912.0576344347364,165.90790888048852,2077.9655433152247,,,,,0.07124095682217571,142.4819136443514,0.006181528192536172,12.363056385072344,0.07742248501471188,154.84497002942376
1948,45 to 54 Years,,,10182.145356730278,165.90790888048852,25356.857538275235,0.0754175,0.1005,0.08,,,1912.0576344347364,165.90790888048852,2077.9655433152247,,,,,0.07540593827719214,150.81187655438427,0.00654292073180033,13.08584146360066,0.08194885900899246,163.89771801798491
1948,55 to 64 Years,,,10182.145356730278,165.90790888048852,20995.11261623235,0.0754175,0.1005,0.08,,,1912.0576344347364,165.90790888048852,2077.9655433152247,,,,,0.09107155886158148,182.14311772316296,0.00790221571625279,15.80443143250558,0.09897377457783427,197.94754915566853
1948,65 Years and Older,,,10182.145356730278,165.90790888048852,8954.574365821094,0.0754175,0.1005,0.08,,,1912.0576344347364,165.90790888048852,2077.9655433152247,,,,,0.21352858955897558,427.05717911795114,0.018527726958608548,37.05545391721709,0.2320563165175841,464.1126330351682
1949,25 to 34 Years,,,11094.887470381394,170.99946601463208,24967.088615499903,0.0754175,0.1005,0.08,,,2083.4572231788857,170.99946601463208,2254.456689193518,,,,,0.0834481446861789,166.89628937235778,0.006848995036949295,13.697990073898591,0.0902971397231282,180.5942794462564
1949,35 to 44 Years,,,11094.887470381394,170.99946601463208,26390.678383128296,0.0754175,0.1005,0.08,,,2083.4572231788857,170.99946601463208,2254.456689193518,,,,,0.07894670962724669,157.89341925449338,0.0064795403714954505,12.959080742990901,0.08542624999874214,170.85249999748427
1949,45 to 54 Years,,,11094.887470381394,170.99946601463208,24447.183687113487,0.0754175,0.1005,0.08,,,2083.4572231788857,170.99946601463208,2254.456689193518,,,,,0.08522279088846992,170.44558177693983,0.0069946488807530295,13.989297761506059,0.09221743976922295,184.4348795384459
1949,55 to 64 Years,,,11094.887470381394,170.99946601463208,21198.897637795275,0.0754175,0.1005,0.08,,,2083.4572231788857,170.99946601463208,2254.456689193518,,,,,0.09828139456951353,196.56278913902705,0.008066431987942574,16.132863975885147,0.1063478265574561,212.6956531149122
1949,65 Years and Older,,,11094.887470381394,170.99946601463208,8784.482515691047,0.0754175,0.1005,0.08,,,2083.4572231788857,170.99946601463208,2254.456689193518,,,,,0.23717472480107576,474.34944960215154,0.019466083028703042,38.932166057406086,0.2566408078297788,513.2816156595577
1950,25 to 34 Years,,,11148.975891931092,174.0736137182659,26041.08014812025,0.0754175,0.1005,0.08,,,2093.6142358452057,174.0736137182659,2267.6878495634714,,,,,0.08039659737372035,160.79319474744068,0.006684577318918594,13.36915463783719,0.08708117469263894,174.16234938527788
1950,35 to 44 Years,,,11148.975891931092,174.0736137182659,28216.455317371936,0.0754175,0.1005,0.08,,,2093.6142358452057,174.0736137182659,2267.6878495634714,,,,,0.07419834321131885,148.3966864226377,0.00616922330464006,12.33844660928012,0.0803675665159589,160.7351330319178
1950,45 to 54 Years,,,11148.975891931092,174.0736137182659,26706.090115092644,0.0754175,0.1005,0.08,,,2093.6142358452057,174.0736137182659,2267.6878495634714,,,,,0.07839463683461562,156.78927366923122,0.006518124254358378,13.036248508716756,0.08491276108897398,169.82552217794796
1950,55 to 64 Years,,,11148.975891931092,174.0736137182659,21509.091597274797,0.0754175,0.1005,0.08,,,2093.6142358452057,174.0736137182659,2267.6878495634714,,,,,0.09733624622764016,194.67249245528032,0.008093024892800263,16.186049785600527,0.10542927112044041,210.85854224088084
1950,65 Years and Older,,,11148.975891931092,174.0736137182659,8533.754824614638,0.0754175,0.1005,0.08,,,2093.6142358452057,174.0736137182659,2267.6878495634714,,,,,0.24533330039039972,490.66660078079946,0.02039824406674662,40.79648813349324,0.2657315444571463,531.4630889142926
1951,25 to 34 Years,,,11743.948528977748,182.4314527875204,27228.888543930458,0.0754175,0.1005,0.08,,,2205.3413751747257,182.4314527875204,2387.772827962246,,,,,0.0809927063903721,161.98541278074418,0.006699922859252582,13.399845718505164,0.08769262924962466,175.38525849924932
1951,35 to 44 Years,,,11743.948528977748,182.4314527875204,29196.177720801566,0.0754175,0.1005,0.08,,,2205.3413751747257,182.4314527875204,2387.772827962246,,,,,0.07553527712648063,151.07055425296127,0.006248470417329404,12.496940834658808,0.08178374754381003,163.56749508762005
1951,45 to 54 Years,,,11743.948528977748,182.4314527875204,26155.81774580336,0.0754175,0.1005,0.08,,,2205.3413751747257,182.4314527875204,2387.772827962246,,,,,0.0843155200348713,168.6310400697426,0.006974794462956185,13.94958892591237,0.09129031449782748,182.58062899565496
1951,55 to 64 Years,,,11743.948528977748,182.4314527875204,22571.63533136805,0.0754175,0.1005,0.08,,,2205.3413751747257,182.4314527875204,2387.772827962246,,,,,0.09770410264026988,195.40820528053976,0.008082332099969444,16.164664199938887,0.10578643474023931,211.57286948047863
1951,65 Years and Older,,,11743.948528977748,182.4314527875204,8009.855752316173,0.0754175,0.1005,0.08,,,2205.3413751747257,182.4314527875204,2387.772827962246,,,,,0.2753284757390316,550.6569514780632,0.022775872428759728,45.55174485751946,0.2981043481677913,596.2086963355825
1952,25 to 34 Years,,,12704.018011484852,192.61456705580747,27959.44427610448,0.0754175,0.1005,0.08,,,2385.6283500019053,192.61456705580747,2578.242917057713,,,,,0.0853245982446361,170.6491964892722,0.006889069938361592,13.778139876723184,0.0922136681829977,184.4273363659954
1952,35 to 44 Years,,,12704.018011484852,192.61456705580747,29263.75763747454,0.0754175,0.1005,0.08,,,2385.6283500019053,192.61456705580747,2578.242917057713,,,,,0.0815216001839395,163.043200367879,0.006582017574159696,13.164035148319392,0.0881036177580992,176.2072355161984
1952,45 to 54 Years,,,12704.018011484852,192.61456705580747,27799.868339046432,0.0754175,0.1005,0.08,,,2385.6283500019053,192.61456705580747,2578.242917057713,,,,,0.085814375841887,171.628751683774,0.006928614362725949,13.857228725451897,0.09274299020461295,185.4859804092259
1952,55 to 64 Years,,,12704.018011484852,192.61456705580747,23560.672885441774,0.0754175,0.1005,0.08,,,2385.6283500019053,192.61456705580747,2578.242917057713,,,,,0.10125467814953595,202.5093562990719,0.00817525747215924,16.35051494431848,0.1094299356216952,218.85987124339042
1952,65 Years and Older,,,12704.018011484852,192.61456705580747,9657.088487351575,0.0754175,0.1005,0.08,,,2385.6283500019053,192.61456705580747,2578.242917057713,,,,,0.24703391225279703,494.06782450559405,0.019945407697991527,39.890815395983054,0.26697931995078855,533.9586399015772
1953,25 to 34 Years,,,12778.389591115683,199.3392651575065,29310.224062347785,0.0754175,0.1005,0.08,,,2399.594242418095,199.3392651575065,2598.933507575601,,,,,0.08186884676533873,163.73769353067746,0.006801014715325216,13.602029430650433,0.08866986148066394,177.33972296132788
1953,35 to 44 Years,,,12778.389591115683,199.3392651575065,30704.28001496073,0.0754175,0.1005,0.08,,,2399.594242418095,199.3392651575065,2598.933507575601,,,,,0.07815178344025286,156.30356688050574,0.006492230563959748,12.984461127919495,0.0846440140042126,169.28802800842521
1953,45 to 54 Years,,,12778.389591115683,199.3392651575065,30260.41039040885,0.0754175,0.1005,0.08,,,2399.594242418095,199.3392651575065,2598.933507575601,,,,,0.07929813943232757,158.59627886465512,0.006587460731222859,13.174921462445718,0.08588560016355042,171.77120032710084
1953,55 to 64 Years,,,12778.389591115683,199.3392651575065,25153.737185461323,0.0754175,0.1005,0.08,,,2399.594242418095,199.3392651575065,2598.933507575601,,,,,0.09539712626897616,190.79425253795233,0.007924836921359072,15.849673842718143,0.10332196319033522,206.64392638067045
1953,65 Years and Older,,,12778.389591115683,199.3392651575065,9081.347826086956,0.0754175,0.1005,0.08,,,2399.594242418095,199.3392651575065,2598.933507575601,,,,,0.26423327113680783,528.4665422736157,0.02195040526747442,43.90081053494884,0.2861836764042822,572.3673528085644
1954,25 to 34 Years,,,12577.81169453556,205.48756056477413,28729.16476466597,0.0754175,0.1005,0.08,,,2361.9286537804915,205.48756056477413,2567.4162143452654,,,,,0.08221362065789779,164.42724131579558,0.007152576910885467,14.305153821770933,0.08936619756878325,178.7323951375665
1954,35 to 44 Years,,,12577.81169453556,205.48756056477413,30854.79400749064,0.0754175,0.1005,0.08,,,2361.9286537804915,205.48756056477413,2567.4162143452654,,,,,0.0765498111316862,153.0996222633724,0.006659826039184957,13.319652078369915,0.08320963717087114,166.41927434174227
1954,45 to 54 Years,,,12577.81169453556,205.48756056477413,29424.977695167287,0.0754175,0.1005,0.08,,,2361.9286537804915,205.48756056477413,2567.4162143452654,,,,,0.08026951382085197,160.53902764170394,0.006983439807280571,13.966879614561142,0.08725295362813254,174.5059072562651
1954,55 to 64 Years,,,12577.81169453556,205.48756056477413,24341.5488936474,0.0754175,0.1005,0.08,,,2361.9286537804915,205.48756056477413,2567.4162143452654,,,,,0.09703280034069246,194.06560068138492,0.00844184408570655,16.883688171413098,0.105474644426399,210.94928885279802
1954,65 Years and Older,,,12577.81169453556,205.48756056477413,9696.31896053898,0.0754175,0.1005,0.08,,,2361.9286537804915,205.48756056477413,2567.4162143452654,,,,,0.2435902390786453,487.1804781572906,0.021192326840839805,42.38465368167961,0.26478256591948507,529.5651318389702
1955,25 to 34 Years,,,12136.089585213043,210.3869834674406,30247.359097251712,0.0754175,0.1005,0.08,,,2278.9797170055454,210.3869834674406,2489.366700472986,,,,,0.07534475025334078,150.68950050668155,0.006955548839520222,13.911097679040445,0.082300299092861,164.60059818572202
1955,35 to 44 Years,,,12136.089585213043,210.3869834674406,32246.857177674872,0.0754175,0.1005,0.08,,,2278.9797170055454,210.3869834674406,2489.366700472986,,,,,0.07067292494424317,141.34584988848633,0.006524263195890469,13.048526391780939,0.07719718814013364,154.3943762802673
1955,45 to 54 Years,,,12136.089585213043,210.3869834674406,31626.04851944345,0.0754175,0.1005,0.08,,,2278.9797170055454,210.3869834674406,2489.366700472986,,,,,0.07206021060786162,144.12042121572324,0.00665233228040159,13.30466456080318,0.07871254288826321,157.42508577652643
1955,55 to 64 Years,,,12136.089585213043,210.3869834674406,25769.77347851449,0.0754175,0.1005,0.08,,,2278.9797170055454,210.3869834674406,2489.366700472986,,,,,0.08843615637155838,176.87231274311677,0.008164099061361577,16.328198122723155,0.09660025543291996,193.20051086583993
1955,65 Years and Older,,,12136.089585213043,210.3869834674406,10090.709013031988,0.0754175,0.1005,0.08,,,2278.9797170055454,210.3869834674406,2489.366700472986,,,,,0.22584931485609977,451.69862971219953,0.020849573919506467,41.69914783901294,0.24669888877560625,493.3977775512125
1956,25 to 34 Years,,,12478.64958836112,217.88021849504807,31383.336349924582,0.0754175,0.1005,0.08,,,2343.307463892239,217.88021849504807,2561.187682387287,,,,,0.07466725136436522,149.33450272873046,0.006942544797203235,13.88508959440647,0.08160979616156847,163.21959232313694
1956,35 to 44 Years,,,12478.64958836112,217.88021849504807,33973.36977953038,0.0754175,0.1005,0.08,,,2343.307463892239,217.88021849504807,2561.187682387287,,,,,0.06897483173141475,137.9496634628295,0.00641326485741562,12.82652971483124,0.07538809658883038,150.77619317766076
1956,45 to 54 Years,,,12478.64958836112,217.88021849504807,32049.579471572837,0.0754175,0.1005,0.08,,,2343.307463892239,217.88021849504807,2561.187682387287,,,,,0.07311507678191825,146.2301535638365,0.006798223942011542,13.596447884023084,0.0799133007239298,159.8266014478596
1956,55 to 64 Years,,,12478.64958836112,217.88021849504807,26344.19870288561,0.0754175,0.1005,0.08,,,2343.307463892239,217.88021849504807,2561.187682387287,,,,,0.0889496579615293,177.8993159230586,0.008270519857230752,16.541039714461505,0.09722017781876006,194.44035563752013
1956,65 Years and Older,,,12478.64958836112,217.88021849504807,10371.234616369378,0.0754175,0.1005,0.08,,,2343.307463892239,217.88021849504807,2561.187682387287,,,,,0.2259429615249175,451.885923049835,0.021008127436550138,42.01625487310027,0.24695108896146764,493.90217792293527
1957,25 to 34 Years,,,13127.710646957472,226.8144602587339,31928.872593950506,0.0754175,0.1005,0.08,,,2465.1916158880786,226.8144602587339,2692.0060761468126,,,,,0.07720885254041676,154.4177050808335,0.007103741592858745,14.20748318571749,0.0843125941332755,168.62518826655102
1957,35 to 44 Years,,,13127.710646957472,226.8144602587339,33977.640317367026,0.0754175,0.1005,0.08,,,2465.1916158880786,226.8144602587339,2692.0060761468126,,,,,0.0725533495811374,145.10669916227482,0.0066754035342119385,13.350807068423878,0.07922875311534935,158.4575062306987
1957,45 to 54 Years,,,13127.710646957472,226.8144602587339,32240.66657680124,0.0754175,0.1005,0.08,,,2465.1916158880786,226.8144602587339,2692.0060761468126,,,,,0.07646217890736497,152.92435781472994,0.007035042520551922,14.070085041103845,0.08349722142791689,166.9944428558338
1957,55 to 64 Years,,,13127.710646957472,226.8144602587339,25877.218458157848,0.0754175,0.1005,0.08,,,2465.1916158880786,226.8144602587339,2692.0060761468126,,,,,0.09526493814913564,190.5298762982713,0.008765024750456908,17.530049500913815,0.10402996289959256,208.05992579918512
1957,65 Years and Older,,,13127.710646957472,226.8144602587339,10038.570002495631,0.0754175,0.1005,0.08,,,2465.1916158880786,226.8144602587339,2692.0060761468126,,,,,0.2455719903607009,491.1439807214018,0.022594299805883393,45.18859961176678,0.26816629016658433,536.3325803331686
1958,25 to 34 Years,,,13551.403282430088,237.862178568668,31644.951926059177,0.0754175,0.1005,0.08,,,2544.7548817742513,237.862178568668,2782.617060342919,,,,,0.08041582391151245,160.8316478230249,0.007516591560146812,15.033183120293625,0.08793241547165925,175.8648309433185
1958,35 to 44 Years,,,13551.403282430088,237.862178568668,34284.33215301562,0.0754175,0.1005,0.08,,,2544.7548817742513,237.862178568668,2782.617060342919,,,,,0.07422500955878812,148.45001911757623,0.006937926558028224,13.875853116056447,0.08116293611681634,162.32587223363268
1958,45 to 54 Years,,,13551.403282430088,237.862178568668,31487.88182831661,0.0754175,0.1005,0.08,,,2544.7548817742513,237.862178568668,2782.617060342919,,,,,0.08081695985932559,161.63391971865119,0.007554086358224385,15.10817271644877,0.08837104621754997,176.74209243509995
1958,55 to 64 Years,,,13551.403282430088,237.862178568668,26629.482308454128,0.0754175,0.1005,0.08,,,2544.7548817742513,237.862178568668,2782.617060342919,,,,,0.09556156039001786,191.12312078003572,0.008932286997301232,17.864573994602466,0.10449384738731908,208.98769477463816
1958,65 Years and Older,,,13551.403282430088,237.862178568668,10216.338655327345,0.0754175,0.1005,0.08,,,2544.7548817742513,237.862178568668,2782.617060342919,,,,,0.24908677830949547,498.1735566189909,0.02328252680275374,46.56505360550748,0.27236930511224916,544.7386102244983
1959,25 to 34 Years,,,14128.346445626848,247.7570914897393,33099.1797556719,0.0754175,0.1005,0.08,,,2653.096350214998,247.7570914897393,2900.853441704737,,,,,0.08015595461275324,160.31190922550647,0.00748529399576083,14.97058799152166,0.08764124860851406,175.28249721702812
1959,35 to 44 Years,,,14128.346445626848,247.7570914897393,36245.483392306814,0.0754175,0.1005,0.08,,,2653.096350214998,247.7570914897393,2900.853441704737,,,,,0.07319798501509635,146.3959700301927,0.006835530066135807,13.671060132271615,0.08003351508123216,160.0670301624643
1959,45 to 54 Years,,,14128.346445626848,247.7570914897393,33497.98597833014,0.0754175,0.1005,0.08,,,2653.096350214998,247.7570914897393,2900.853441704737,,,,,0.07920166758477022,158.40333516954044,0.007396178732954675,14.79235746590935,0.0865978463177249,173.1956926354498
1959,55 to 64 Years,,,14128.346445626848,247.7570914897393,27844.78325859492,0.0754175,0.1005,0.08,,,2653.096350214998,247.7570914897393,2900.853441704737,,,,,0.09528163051497482,190.56326102994964,0.008897792063555154,17.79558412711031,0.10417942257852997,208.35884515705993
1959,65 Years and Older,,,14128.346445626848,247.7570914897393,10549.81551524508,0.0754175,0.1005,0.08,,,2653.096350214998,247.7570914897393,2900.853441704737,,,,,0.2514827246392246,502.9654492784492,0.023484495167874386,46.96899033574877,0.274967219807099,549.9344396141979
1960,25 to 34 Years,,,13945.79802289662,256.5952661376867,33222.89795416846,0.0754175,0.1005,0.08,,,2618.816432466168,256.5952661376867,2875.411698603855,,,,,0.0788256471810156,157.6512943620312,0.007723446235535025,15.446892471070049,0.08654909341655062,173.09818683310124
1960,35 to 44 Years,,,13945.79802289662,256.5952661376867,37157.19566566962,0.0754175,0.1005,0.08,,,2618.816432466168,256.5952661376867,2875.411698603855,,,,,0.07047938859621078,140.95877719242156,0.006905668243816389,13.811336487632778,0.07738505684002717,154.77011368005432
1960,45 to 54 Years,,,13945.79802289662,256.5952661376867,34728.99845916795,0.0754175,0.1005,0.08,,,2618.816432466168,256.5952661376867,2875.411698603855,,,,,0.0754071971164155,150.814394232831,0.007388501757094271,14.777003514188543,0.08279569887350978,165.59139774701956
1960,55 to 64 Years,,,13945.79802289662,256.5952661376867,27573.668683812404,0.0754175,0.1005,0.08,,,2618.816432466168,256.5952661376867,2875.411698603855,,,,,0.09497526290375677,189.95052580751354,0.009305807982248128,18.611615964496256,0.1042810708860049,208.5621417720098
1960,65 Years and Older,,,13945.79802289662,256.5952661376867,10969.35094055681,0.0754175,0.1005,0.08,,,2618.816432466168,256.5952661376867,2875.411698603855,,,,,0.23873941554587874,477.47883109175746,0.023392019047269334,46.784038094538666,0.2621314345931481,524.2628691862961
1961,25 to 34 Years,,,13943.544338665386,264.08850116529413,33739.162427100135,0.0754175,0.1005,0.08,,,2618.3932236050714,264.08850116529413,2882.4817247703654,,,,,0.07760694205917551,155.21388411835102,0.007827357947486322,15.654715894972645,0.08543430000666183,170.86860001332366
1961,35 to 44 Years,,,13943.544338665386,264.08850116529413,37949.5383759733,0.0754175,0.1005,0.08,,,2618.3932236050714,264.08850116529413,2882.4817247703654,,,,,0.0689967081460689,137.9934162921378,0.006958938434215433,13.917876868430866,0.07595564658028434,151.91129316056868
1961,45 to 54 Years,,,13943.544338665386,264.08850116529413,35087.68240343348,0.0754175,0.1005,0.08,,,2618.3932236050714,264.08850116529413,2882.4817247703654,,,,,0.0746242853403407,149.2485706806814,0.007526530197373536,15.053060394747073,0.08215081553771424,164.30163107542847
1961,55 to 64 Years,,,13943.544338665386,264.08850116529413,28809.687170759385,0.0754175,0.1005,0.08,,,2618.3932236050714,264.08850116529413,2882.4817247703654,,,,,0.09088586099826276,181.7717219965255,0.009166656326394714,18.333312652789427,0.10005251732465748,200.10503464931494
1961,65 Years and Older,,,13943.544338665386,264.08850116529413,11234.342857142858,0.0754175,0.1005,0.08,,,2618.3932236050714,264.08850116529413,2882.4817247703654,,,,,0.23307043917929587,466.14087835859175,0.023507249558204928,47.01449911640986,0.2565776887375008,513.1553774750016
1962,25 to 34 Years,,,13889.455917115689,271.1974677299474,34119.5216087934,0.0754175,0.1005,0.08,,,2608.236210938751,271.1974677299474,2879.433678668698,,,,,0.07644410261211128,152.88820522422256,0.007948454577981346,15.89690915596269,0.08439255719009262,168.78511438018523
1962,35 to 44 Years,,,13889.455917115689,271.1974677299474,38809.10934502604,0.0754175,0.1005,0.08,,,2608.236210938751,271.1974677299474,2879.433678668698,,,,,0.06720680414875418,134.41360829750838,0.006987984839304367,13.975969678608735,0.07419478898805855,148.3895779761171
1962,45 to 54 Years,,,13889.455917115689,271.1974677299474,36711.09346806207,0.0754175,0.1005,0.08,,,2608.236210938751,271.1974677299474,2879.433678668698,,,,,0.07104763068983126,142.09526137966253,0.007387343772962901,14.774687545925802,0.07843497446279417,156.86994892558835
1962,55 to 64 Years,,,13889.455917115689,271.1974677299474,30229.17043023532,0.0754175,0.1005,0.08,,,2608.236210938751,271.1974677299474,2879.433678668698,,,,,0.08628209685602169,172.56419371204336,0.008971383067088562,17.942766134177123,0.09525347992311024,190.5069598462205
1962,65 Years and Older,,,13889.455917115689,271.1974677299474,12012.7632126788,0.0754175,0.1005,0.08,,,2608.236210938751,271.1974677299474,2879.433678668698,,,,,0.2171220862978389,434.2441725956778,0.02257577735684606,45.15155471369212,0.23969786365468496,479.39572730936993
1963,25 to 34 Years,184884.3572789116,,13806.06960055991,277.6339644844307,35243.88660947407,0.0754175,0.1005,0.08,13807.007407578925,,2592.577483078175,277.6339644844307,16677.21885514153,0.39175609547748913,783.5121909549782,,,0.07356105505064395,147.1221101012879,0.007877507028688448,15.755014057376895,0.4731946575568215,946.389315113643
1963,35 to 44 Years,184884.3572789116,,13806.06960055991,277.6339644844307,39659.33667083855,0.0754175,0.1005,0.08,13807.007407578925,,2592.577483078175,277.6339644844307,16677.21885514153,0.34814014975018975,696.2802995003796,,,0.06537117613932493,130.74235227864986,0.007000469190614944,14.000938381229886,0.42051179508012965,841.0235901602593
1963,45 to 54 Years,184884.3572789116,,13806.06960055991,277.6339644844307,37283.15875998121,0.0754175,0.1005,0.08,13807.007407578925,,2592.577483078175,277.6339644844307,16677.21885514153,0.3703282625934317,740.6565251868634,,,0.06953749546191836,139.0749909238367,0.0074466320375846445,14.89326407516929,0.44731239009293466,894.6247801858693
1963,55 to 64 Years,184884.3572789116,,13806.06960055991,277.6339644844307,30410.24480369515,0.0754175,0.1005,0.08,13807.007407578925,,2592.577483078175,277.6339644844307,16677.21885514153,0.4540248688133295,908.049737626659,,,0.08525342363449671,170.50684726899343,0.009129619517258715,18.25923903451743,0.5484079119650849,1096.8158239301697
1963,65 Years and Older,184884.3572789116,,13806.06960055991,277.6339644844307,12163.131507031929,0.0754175,0.1005,0.08,13807.007407578925,,2592.577483078175,277.6339644844307,16677.21885514153,1.1351523577293081,2270.304715458616,,,0.21315049348757892,426.30098697515785,0.022825862264493388,45.651724528986776,1.3711287134813803,2742.2574269627607
1964,25 to 34 Years,191399.0705265986,,13767.756968628872,283.4940585444827,36545.7063403782,0.0754175,0.1005,0.08,14293.520682108545,,2585.382932439531,283.4940585444827,17162.397673092557,0.3911135428326934,782.2270856653868,,,0.0707438216779798,141.4876433559596,0.007757246662688224,15.51449332537645,0.4696146111733614,939.2292223467227
1964,35 to 44 Years,191399.0705265986,,13767.756968628872,283.4940585444827,40736.85415092303,0.0754175,0.1005,0.08,14293.520682108545,,2585.382932439531,283.4940585444827,17162.397673092557,0.35087443495645276,701.7488699129055,,,0.06346545373536043,126.93090747072085,0.006959154418114517,13.918308836229034,0.42129904310992766,842.5980862198553
1964,45 to 54 Years,191399.0705265986,,13767.756968628872,283.4940585444827,38544.561996967226,0.0754175,0.1005,0.08,14293.520682108545,,2585.382932439531,283.4940585444827,17162.397673092557,0.37083105739360045,741.662114787201,,,0.06707516698835377,134.15033397670754,0.007354968998396937,14.709937996793874,0.44526119338035114,890.5223867607023
1964,55 to 64 Years,191399.0705265986,,13767.756968628872,283.4940585444827,30715.849707514622,0.0754175,0.1005,0.08,14293.520682108545,,2585.382932439531,283.4940585444827,17162.397673092557,0.46534674502628653,930.6934900525731,,,0.08417097221982493,168.34194443964986,0.009229569139190246,18.459138278380493,0.5587472863853017,1117.4945727706033
1964,65 Years and Older,191399.0705265986,,13767.756968628872,283.4940585444827,12272.20179807257,0.0754175,0.1005,0.08,14293.520682108545,,2585.382932439531,283.4940585444827,17162.397673092557,1.1647071093920112,2329.4142187840225,,,0.2106698516679853,421.33970333597057,0.023100504963095316,46.20100992619063,1.3984774660230916,2796.9549320461833
1965,25 to 34 Years,200359.3050780217,,13465.76328164307,290.31482376192025,38065.35802469136,0.0754175,0.1005,0.08,14962.663418930308,,2528.672945052578,290.31482376192025,17781.651187744807,0.39307822638170564,786.1564527634113,,,0.06642976912005757,132.85953824011514,0.007626746176237342,15.253492352474684,0.46713474167800056,934.2694833560012
1965,35 to 44 Years,200359.3050780217,,13465.76328164307,290.31482376192025,41904.30797834527,0.0754175,0.1005,0.08,14962.663418930308,,2528.672945052578,290.31482376192025,17781.651187744807,0.3570674267348003,714.1348534696006,,,0.060343985309560796,120.68797061912159,0.006928042432103762,13.856084864207524,0.4243394544764649,848.6789089529298
1965,45 to 54 Years,200359.3050780217,,13465.76328164307,290.31482376192025,39732.68518518518,0.0754175,0.1005,0.08,14962.663418930308,,2528.672945052578,290.31482376192025,17781.651187744807,0.37658324246631386,753.1664849326277,,,0.06364213576975726,127.28427153951452,0.007306700325156169,14.613400650312338,0.4475320785612273,895.0641571224546
1965,55 to 64 Years,200359.3050780217,,13465.76328164307,290.31482376192025,31965.79903237812,0.0754175,0.1005,0.08,14962.663418930308,,2528.672945052578,290.31482376192025,17781.651187744807,0.46808351024714395,936.167020494288,,,0.07910557600926191,158.21115201852382,0.00908204495272778,18.16408990545556,0.5562711312091336,1112.5422624182672
1965,65 Years and Older,200359.3050780217,,13465.76328164307,290.31482376192025,12487.112182129496,0.0754175,0.1005,0.08,14962.663418930308,,2528.672945052578,290.31482376192025,17781.651187744807,1.1982484981870838,2396.496996374168,,,0.20250262095598068,405.0052419119614,0.02324915637239124,46.49831274478248,1.4240002755154557,2848.0005510309115
1966,25 to 34 Years,207783.61745827983,,13222.36538466944,303.18781727088697,39481.69390433019,0.0754175,0.1005,0.08,15517.104787248794,,2482.9663880541384,303.18781727088697,18303.258992573818,0.3930202393253179,786.0404786506358,,,0.0628890542049873,125.7781084099746,0.0076791998338661595,15.35839966773232,0.4635884933641713,927.1769867283426
1966,35 to 44 Years,207783.61745827983,,13222.36538466944,303.18781727088697,43820.86727989488,0.0754175,0.1005,0.08,15517.104787248794,,2482.9663880541384,303.18781727088697,18303.258992573818,0.3541030963202337,708.2061926404674,,,0.05666173542834761,113.32347085669522,0.006918800016767132,13.837600033534263,0.4176836317653484,835.3672635306968
1966,45 to 54 Years,207783.61745827983,,13222.36538466944,303.18781727088697,41968.37065105064,0.0754175,0.1005,0.08,15517.104787248794,,2482.9663880541384,303.18781727088697,18303.258992573818,0.3697333145541198,739.4666291082395,,,0.059162801641716334,118.32560328343267,0.007224197951161036,14.448395902322073,0.4361203141469971,872.2406282939942
1966,55 to 64 Years,207783.61745827983,,13222.36538466944,303.18781727088697,33889.52301799523,0.0754175,0.1005,0.08,15517.104787248794,,2482.9663880541384,303.18781727088697,18303.258992573818,0.4578732128808441,915.7464257616882,,,0.07326648966808094,146.53297933616187,0.008946358351219498,17.892716702438996,0.5400860609001444,1080.1721218002888
1966,65 Years and Older,207783.61745827983,,13222.36538466944,303.18781727088697,12679.478000247189,0.0754175,0.1005,0.08,15517.104787248794,,2482.9663880541384,303.18781727088697,18303.258992573818,1.2237968145807174,2447.593629161435,,,0.1958256000764174,391.6512001528348,0.023911695518141696,47.82339103628339,1.4435341101752763,2887.0682203505526
1967,25 to 34 Years,213932.1796152885,,13346.318017387492,324.51471696484674,40065.9758010307,0.0754175,0.1005,0.08,15976.27420805442,,2506.242875414455,324.51471696484674,18807.031800433724,0.39874916031980007,797.4983206396001,,,0.06255289744746419,125.10579489492838,0.008099508634867657,16.199017269735315,0.469401566402132,938.803132804264
1967,35 to 44 Years,213932.1796152885,,13346.318017387492,324.51471696484674,44251.84387980795,0.0754175,0.1005,0.08,15976.27420805442,,2506.242875414455,324.51471696484674,18807.031800433724,0.3610307008098338,722.0614016196675,,,0.05663589707632612,113.27179415265223,0.00733336034191611,14.666720683832219,0.42499995822807607,849.9999164561522
1967,45 to 54 Years,213932.1796152885,,13346.318017387492,324.51471696484674,43387.59182085903,0.0754175,0.1005,0.08,15976.27420805442,,2506.242875414455,324.51471696484674,18807.031800433724,0.3682221929720852,736.4443859441703,,,0.0577640465910706,115.5280931821412,0.007479436017207873,14.958872034415746,0.43346567558036375,866.9313511607276
1967,55 to 64 Years,213932.1796152885,,13346.318017387492,324.51471696484674,34736.79210840413,0.0754175,0.1005,0.08,15976.27420805442,,2506.242875414455,324.51471696484674,18807.031800433724,0.45992370735319454,919.8474147063891,,,0.07214951995547397,144.29903991094795,0.009342103782989636,18.68420756597927,0.5414153310916583,1082.8306621833167
1967,65 Years and Older,213932.1796152885,,13346.318017387492,324.51471696484674,12929.997809952549,0.0754175,0.1005,0.08,15976.27420805442,,2506.242875414455,324.51471696484674,18807.031800433724,1.2355975958292178,2471.1951916584358,,,0.19383165505916294,387.6633101183259,0.025097816854621546,50.19563370924309,1.4545270677430024,2909.0541354860047
1968,25 to 34 Years,223655.4786775276,,13709.161178616703,344.3045428069895,41432.76582143618,0.0754175,0.1005,0.08,16702.40195706628,,2574.379502051018,344.3045428069895,19621.086001924286,0.40312061302035773,806.2412260407154,,,0.06213390419422843,124.26780838845686,0.008309957976033927,16.619915952067853,0.4735644751906201,947.1289503812402
1968,35 to 44 Years,223655.4786775276,,13709.161178616703,344.3045428069895,45926.6304762944,0.0754175,0.1005,0.08,16702.40195706628,,2574.379502051018,344.3045428069895,19621.086001924286,0.36367575378053113,727.3515075610622,,,0.05605417761661866,112.10835523323732,0.007496838745544517,14.993677491089034,0.42722677014269433,854.4535402853886
1968,45 to 54 Years,223655.4786775276,,13709.161178616703,344.3045428069895,43868.83947939263,0.0754175,0.1005,0.08,16702.40195706628,,2574.379502051018,344.3045428069895,19621.086001924286,0.3807349853627249,761.4699707254498,,,0.05868355608678301,117.36711217356601,0.0078484990004973,15.6969980009946,0.4472670404500052,894.5340809000104
1968,55 to 64 Years,223655.4786775276,,13709.161178616703,344.3045428069895,36562.62803789647,0.0754175,0.1005,0.08,16702.40195706628,,2574.379502051018,344.3045428069895,19621.086001924286,0.45681623158364204,913.6324631672841,,,0.07041013297465167,140.82026594930332,0.009416843407703745,18.83368681540749,0.5366432079659974,1073.2864159319947
1968,65 Years and Older,223655.4786775276,,13709.161178616703,344.3045428069895,14377.87414599065,0.0754175,0.1005,0.08,16702.40195706628,,2574.379502051018,344.3045428069895,19621.086001924286,1.1616739573230883,2323.347914646177,,,0.1790514700512174,358.10294010243484,0.023946832425362462,47.893664850724925,1.3646722597996683,2729.3445195993368
1969,25 to 34 Years,218912.3343934575,,13932.2759175092,367.9370532786746,42969.02071951345,0.0754175,0.1005,0.08,16348.187954166202,,2616.277179299588,367.9370532786746,19332.402186744464,0.38046452258899227,760.9290451779846,,,0.06088752164909038,121.77504329818076,0.008562844745297721,17.12568949059544,0.4499148889833804,899.8297779667607
1969,35 to 44 Years,218912.3343934575,,13932.2759175092,367.9370532786746,47653.34257296592,0.0754175,0.1005,0.08,16348.187954166202,,2616.277179299588,367.9370532786746,19332.402186744464,0.34306487376271994,686.1297475254398,,,0.05490228047053767,109.80456094107534,0.007721117416166478,15.442234832332955,0.4056882716494241,811.3765432988482
1969,45 to 54 Years,218912.3343934575,,13932.2759175092,367.9370532786746,46245.97845792898,0.0754175,0.1005,0.08,16348.187954166202,,2616.277179299588,367.9370532786746,19332.402186744464,0.35350507220943594,707.0101444188718,,,0.056573074384828406,113.14614876965682,0.00795608754636677,15.91217509273354,0.4180342341406311,836.0684682812622
1969,55 to 64 Years,218912.3343934575,,13932.2759175092,367.9370532786746,37770.21266635458,0.0754175,0.1005,0.08,16348.187954166202,,2616.277179299588,367.9370532786746,19332.402186744464,0.4328328277783049,865.6656555566097,,,0.06926826709742485,138.5365341948497,0.009741460990142376,19.482921980284754,0.5118425558658721,1023.6851117317442
1969,65 Years and Older,218912.3343934575,,13932.2759175092,367.9370532786746,14646.54731277533,0.0754175,0.1005,0.08,16348.187954166202,,2616.277179299588,367.9370532786746,19332.402186744464,1.1161803259875882,2232.3606519751766,,,0.1786275716337298,357.25514326745963,0.025121077713499383,50.242155426998764,1.3199289753348173,2639.8579506696346
1970,25 to 34 Years,189667.62041210564,,14369.49065836924,391.4734966346212,42444.29413805064,0.0754175,0.1005,0.08,14164.217452194975,,2698.3796983523407,391.4734966346212,17254.070647181936,0.3337131112635698,667.4262225271395,,,0.06357461593249317,127.14923186498633,0.009223230226455137,18.446460452910273,0.4065109574225181,813.0219148450361
1970,35 to 44 Years,189667.62041210564,,14369.49065836924,391.4734966346212,47689.64236664286,0.0754175,0.1005,0.08,14164.217452194975,,2698.3796983523407,391.4734966346212,17254.070647181936,0.2970082548176608,594.0165096353217,,,0.056582091297873886,113.16418259574777,0.008208774006417008,16.417548012834015,0.3617991201219517,723.5982402439034
1970,45 to 54 Years,189667.62041210564,,14369.49065836924,391.4734966346212,46619.487449905086,0.0754175,0.1005,0.08,14164.217452194975,,2698.3796983523407,391.4734966346212,17254.070647181936,0.3038261085005518,607.6522170011036,,,0.05788093876518658,115.76187753037316,0.008397207220591573,16.794414441183147,0.37010425448632994,740.2085089726598
1970,55 to 64 Years,189667.62041210564,,14369.49065836924,391.4734966346212,37848.00484071433,0.0754175,0.1005,0.08,14164.217452194975,,2698.3796983523407,391.4734966346212,17254.070647181936,0.37423947475714925,748.4789495142985,,,0.07129516363434846,142.5903272686969,0.010343306028472613,20.686612056945226,0.4558779444199703,911.7558888399407
1970,65 Years and Older,189667.62041210564,,14369.49065836924,391.4734966346212,15159.163172706909,0.0754175,0.1005,0.08,14164.217452194975,,2698.3796983523407,391.4734966346212,17254.070647181936,0.9343667121214666,1868.733424242933,,,0.17800320951822712,356.00641903645425,0.025824215504154206,51.648431008308414,1.138194137143848,2276.388274287696
1971,25 to 34 Years,195418.00751183368,,14948.687505797236,416.5470138423846,42776.19182612805,0.0754175,0.1005,0.08,14593.651496539878,,2807.144375654184,416.5470138423846,17817.342886036447,0.34116294306558526,682.3258861311705,,,0.06562398979002981,131.24797958005962,0.009737823683218903,19.475647366437805,0.416524756538834,833.0495130776679
1971,35 to 44 Years,195418.00751183368,,14948.687505797236,416.5470138423846,48153.21216780145,0.0754175,0.1005,0.08,14593.651496539878,,2807.144375654184,416.5470138423846,17817.342886036447,0.30306704038112325,606.1340807622465,,,0.058296098002185485,116.59219600437098,0.008650451238659351,17.3009024773187,0.3700135896219681,740.0271792439362
1971,45 to 54 Years,195418.00751183368,,14948.687505797236,416.5470138423846,47137.92934868317,0.0754175,0.1005,0.08,14593.651496539878,,2807.144375654184,416.5470138423846,17817.342886036447,0.3095946660827935,619.1893321655871,,,0.05955171163522064,119.10342327044128,0.008836769446556548,17.673538893113097,0.37798314716457077,755.9662943291415
1971,55 to 64 Years,195418.00751183368,,14948.687505797236,416.5470138423846,37649.72978189539,0.0754175,0.1005,0.08,14593.651496539878,,2807.144375654184,416.5470138423846,17817.342886036447,0.3876163675298812,775.2327350597624,,,0.07455948268197278,149.11896536394556,0.011063745111995184,22.127490223990367,0.47323959532384924,946.4791906476985
1971,65 Years and Older,195418.00751183368,,14948.687505797236,416.5470138423846,16210.583722481657,0.0754175,0.1005,0.08,14593.651496539878,,2807.144375654184,416.5470138423846,17817.342886036447,0.9002545340980328,1800.5090681960655,,,0.1731673839579937,346.3347679159874,0.025695991024968223,51.391982049936445,1.0991179090809948,2198.2358181619898
1972,25 to 34 Years,206479.5170386608,,14817.97382038547,430.28461139299833,44182.91827756299,0.07383269230769231,0.1005,0.08,15204.221256142484,,2782.598261710578,430.28461139299833,18417.10412924606,0.34411989630534445,688.2397926106889,,,0.06297905095878738,125.95810191757475,0.009738709622797955,19.47741924559591,0.4168376568869298,833.6753137738597
1972,35 to 44 Years,206479.5170386608,,14817.97382038547,430.28461139299833,50946.82626538988,0.07383269230769231,0.1005,0.08,15204.221256142484,,2782.598261710578,430.28461139299833,18417.10412924606,0.2984331384440191,596.8662768880382,,,0.05461769585441092,109.23539170882184,0.008445758900693429,16.891517801386858,0.3614965931991234,722.9931863982468
1972,45 to 54 Years,206479.5170386608,,14817.97382038547,430.28461139299833,50177.066057070784,0.07383269230769231,0.1005,0.08,15204.221256142484,,2782.598261710578,430.28461139299833,18417.10412924606,0.30301136457140376,606.0227291428075,,,0.05545557921911346,110.91115843822692,0.008575324250796127,17.150648501592254,0.36704226804131335,734.0845360826266
1972,55 to 64 Years,206479.5170386608,,14817.97382038547,430.28461139299833,40043.05488958991,0.07383269230769231,0.1005,0.08,15204.221256142484,,2782.598261710578,430.28461139299833,18417.10412924606,0.3796968362694816,759.3936725389632,,,0.0694901592643966,138.9803185287932,0.010745549074100748,21.491098148201495,0.45993254460797894,919.8650892159579
1972,65 Years and Older,206479.5170386608,,14817.97382038547,430.28461139299833,17126.667392606305,0.07383269230769231,0.1005,0.08,15204.221256142484,,2782.598261710578,430.28461139299833,18417.10412924606,0.887751300799258,1775.502601598516,,,0.16247167051961572,324.9433410392314,0.025123662504169086,50.24732500833817,1.0753466338230429,2150.6932676460856
1973,25 to 34 Years,230321.08033033035,,14822.481188847947,446.8081553000302,45146.62172878668,0.08044807692307693,0.10210000000000001,0.08,17971.780533795503,,2799.660982531686,446.8081553000302,21218.249671627218,0.398075865825775,796.15173165155,,,0.062012635172357715,124.02527034471542,0.009896823686701977,19.793647373403953,0.4699853246848346,939.9706493696692
1973,35 to 44 Years,230321.08033033035,,14822.481188847947,446.8081553000302,51850.07267833109,0.08044807692307693,0.10210000000000001,0.08,17971.780533795503,,2799.660982531686,446.8081553000302,21218.249671627218,0.34661051769954754,693.2210353990951,,,0.05399531452733538,107.99062905467076,0.00861731010623555,17.2346202124711,0.4092231423331184,818.4462846662368
1973,45 to 54 Years,230321.08033033035,,14822.481188847947,446.8081553000302,50815.850304972606,0.08044807692307693,0.10210000000000001,0.08,17971.780533795503,,2799.660982531686,446.8081553000302,21218.249671627218,0.3536648590142133,707.3297180284266,,,0.05509424649453763,110.18849298907527,0.008792692685815543,17.585385371631087,0.41755179819456645,835.1035963891329
1973,55 to 64 Years,230321.08033033035,,14822.481188847947,446.8081553000302,40446.82629516761,0.08044807692307693,0.10210000000000001,0.08,17971.780533795503,,2799.660982531686,446.8081553000302,21218.249671627218,0.44433104349506614,888.6620869901323,,,0.06921831053197308,138.43662106394618,0.011046803821871499,22.093607643743,0.5245961578489107,1049.1923156978214
1973,65 Years and Older,230321.08033033035,,14822.481188847947,446.8081553000302,17755.667701046652,0.08044807692307693,0.10210000000000001,0.08,17971.780533795503,,2799.660982531686,446.8081553000302,21218.249671627218,1.0121714844176832,2024.3429688353665,,,0.15767703190157434,315.3540638031487,0.025164255314019647,50.3285106280393,1.1950127716332772,2390.0255432665545
1974,25 to 34 Years,229342.21615683625,,15681.134880949368,488.40521641482553,42884.87554326353,0.09187115384615384,0.1097,0.08,19684.681850218287,,3043.9153612518253,488.40521641482553,23217.002427884938,0.45901221819706106,918.0244363941222,,,0.07097876168909557,141.95752337819115,0.011388752100308836,22.777504200617674,0.5413797319864655,1082.759463972931
1974,35 to 44 Years,229342.21615683625,,15681.134880949368,488.40521641482553,49434.86161379604,0.09187115384615384,0.1097,0.08,19684.681850218287,,3043.9153612518253,488.40521641482553,23217.002427884938,0.39819433508285135,796.3886701657027,,,0.06157426686114853,123.14853372229706,0.00987977310891316,19.75954621782632,0.46964837505291307,939.2967501058262
1974,45 to 54 Years,229342.21615683625,,15681.134880949368,488.40521641482553,48826.865063187935,0.09187115384615384,0.1097,0.08,19684.681850218287,,3043.9153612518253,488.40521641482553,23217.002427884938,0.40315268704521373,806.3053740904274,,,0.062340995214675905,124.68199042935181,0.01000279693940558,20.005593878811162,0.4754964791992952,950.9929583985904
1974,55 to 64 Years,229342.21615683625,,15681.134880949368,488.40521641482553,38425.04902856447,0.09187115384615384,0.1097,0.08,19684.681850218287,,3043.9153612518253,488.40521641482553,23217.002427884938,0.51228774843163,1024.57549686326,,,0.07921695451810705,158.4339090362141,0.0127105944888126,25.4211889776252,0.6042152974385497,1208.4305948770996
1974,65 Years and Older,229342.21615683625,,15681.134880949368,488.40521641482553,18329.741309620047,0.09187115384615384,0.1097,0.08,19684.681850218287,,3043.9153612518253,488.40521641482553,23217.002427884938,1.0739203307734149,2147.84066154683,,,0.16606428371437404,332.12856742874806,0.026645505147336396,53.291010294672795,1.2666301196351253,2533.2602392702506
1975,25 to 34 Years,228927.7596004955,,17033.34541969177,547.4864925940383,42168.56708475864,0.09047115384615384,0.113625,0.08,19427.10532555385,,3352.8435048966367,547.4864925940383,23327.435323044523,0.46070110199631525,921.4022039926305,,,0.07951049174038652,159.02098348077303,0.012983284243298872,25.966568486597744,0.5531948779800006,1106.3897559600011
1975,35 to 44 Years,228927.7596004955,,17033.34541969177,547.4864925940383,47979.11541263399,0.09047115384615384,0.113625,0.08,19427.10532555385,,3352.8435048966367,547.4864925940383,23327.435323044523,0.4049075344235766,809.8150688471532,,,0.0698813114010384,139.7626228020768,0.01141093344230087,22.82186688460174,0.48619977926691577,972.3995585338315
1975,45 to 54 Years,228927.7596004955,,17033.34541969177,547.4864925940383,48524.599865848,0.09047115384615384,0.113625,0.08,19427.10532555385,,3352.8435048966367,547.4864925940383,23327.435323044523,0.4003558067302437,800.7116134604873,,,0.06909574760360661,138.19149520721322,0.011282658571273734,22.565317142547467,0.48073421290512397,961.4684258102479
1975,55 to 64 Years,228927.7596004955,,17033.34541969177,547.4864925940383,37837.841214802414,0.09047115384615384,0.113625,0.08,19427.10532555385,,3352.8435048966367,547.4864925940383,23327.435323044523,0.5134305949239472,1026.8611898478944,,,0.08861085614960988,177.22171229921977,0.014469284584339815,28.93856916867963,0.6165107356578968,1233.0214713157936
1975,65 Years and Older,228927.7596004955,,17033.34541969177,547.4864925940383,18320.014771048744,0.09047115384615384,0.113625,0.08,19427.10532555385,,3352.8435048966367,547.4864925940383,23327.435323044523,1.0604306583996128,2120.8613167992257,,,0.18301532759652359,366.03065519304715,0.029884609779858653,59.76921955971731,1.2733305957759948,2546.6611915519898
1976,25 to 34 Years,243776.04898228144,,18110.60648222322,599.4588022085978,42184.627081824765,0.08865849056603774,0.1107,0.08,20382.387340079007,,3528.0620596951744,599.4588022085978,24509.90820198278,0.4831709736474298,966.3419472948596,,,0.08363383307506442,167.26766615012883,0.014210361538715001,28.42072307743,0.5810151682612092,1162.0303365224186
1976,35 to 44 Years,243776.04898228144,,18110.60648222322,599.4588022085978,48587.7082486794,0.08865849056603774,0.1107,0.08,20382.387340079007,,3528.0620596951744,599.4588022085978,24509.90820198278,0.4194967837494783,838.9935674989566,,,0.0726122343873065,145.224468774613,0.012337663656422629,24.67532731284526,0.5044466817932075,1008.893363586415
1976,45 to 54 Years,243776.04898228144,,18110.60648222322,599.4588022085978,48566.42338007985,0.08865849056603774,0.1107,0.08,20382.387340079007,,3528.0620596951744,599.4588022085978,24509.90820198278,0.4196806336873287,839.3612673746575,,,0.07264405764625968,145.28811529251936,0.012343070798465956,24.68614159693191,0.5046677621320543,1009.3355242641087
1976,55 to 64 Years,243776.04898228144,,18110.60648222322,599.4588022085978,38377.92283298097,0.08865849056603774,0.1107,0.08,20382.387340079007,,3528.0620596951744,599.4588022085978,24509.90820198278,0.5310966783893505,1062.193356778701,,,0.09192946880030858,183.85893760061717,0.01561988658993912,31.239773179878238,0.6386460337795983,1277.2920675591965
1976,65 Years and Older,243776.04898228144,,18110.60648222322,599.4588022085978,18309.931060896208,0.08865849056603774,0.1107,0.08,20382.387340079007,,3528.0620596951744,599.4588022085978,24509.90820198278,1.1131875522791488,2226.3751045582976,,,0.19268570962726977,385.37141925453955,0.03273954446987724,65.47908893975448,1.3386128063762959,2677.2256127525916
1977,25 to 34 Years,253090.34428708925,,19072.929648961555,656.8108703045166,42006.98677800974,0.08845192307692308,0.10917500000000001,0.08,21125.20862890004,,3695.37435873693,656.8108703045166,25477.393857941486,0.5028974998977762,1005.7949997955524,,,0.08797046972841725,175.9409394568345,0.01563575301831339,31.271506036626782,0.6065037226445068,1213.0074452890135
1977,35 to 44 Years,253090.34428708925,,19072.929648961555,656.8108703045166,49393.36378291241,0.08845192307692308,0.10917500000000001,0.08,21125.20862890004,,3695.37435873693,656.8108703045166,25477.393857941486,0.42769325696761484,855.3865139352297,,,0.07481519936520989,149.63039873041978,0.013297552950458088,26.595105900916177,0.5158060092832828,1031.6120185665657
1977,45 to 54 Years,253090.34428708925,,19072.929648961555,656.8108703045166,49267.138147728445,0.08845192307692308,0.10917500000000001,0.08,21125.20862890004,,3695.37435873693,656.8108703045166,25477.393857941486,0.4287890351080613,857.5780702161227,,,0.0750068808067617,150.0137616135234,0.01333162215217488,26.66324430434976,0.517127538066998,1034.255076133996
1977,55 to 64 Years,253090.34428708925,,19072.929648961555,656.8108703045166,38793.33238442268,0.08845192307692308,0.10917500000000001,0.08,21125.20862890004,,3695.37435873693,656.8108703045166,25477.393857941486,0.5445577198565903,1089.1154397131806,,,0.09525797686359096,190.5159537271819,0.01693102473888674,33.86204947777348,0.656746721459068,1313.493442918136
1977,65 Years and Older,253090.34428708925,,19072.929648961555,656.8108703045166,18241.43489401351,0.08845192307692308,0.10917500000000001,0.08,21125.20862890004,,3695.37435873693,656.8108703045166,25477.393857941486,1.158089193730748,2316.178387461496,,,0.2025813418849896,405.1626837699792,0.03600653534772472,72.01307069544944,1.3966770709634624,2793.354141926925
1978,25 to 34 Years,268567.01085845684,2650.504210701917,20526.555978109634,711.8573276227099,40908.106528093536,0.09641730769230769,0.11019999999999999,0.08,23903.62696730887,1580.013149241408,3991.5873477866016,711.8573276227099,30187.084791959587,0.5843249418276819,1168.6498836553637,0.038623473031105415,77.24694606221082,0.09757448306842043,195.14896613684084,0.017401375620595974,34.80275124119195,0.7379242735478037,1475.8485470956073
1978,35 to 44 Years,268567.01085845684,2650.504210701917,20526.555978109634,711.8573276227099,47861.661385242194,0.09641730769230769,0.11019999999999999,0.08,23903.62696730887,1580.013149241408,3991.5873477866016,711.8573276227099,30187.084791959587,0.49943161761366234,998.8632352273247,0.03301208323137303,66.02416646274605,0.08339842855971939,166.79685711943878,0.01487322644094854,29.746452881897078,0.6307153558457033,1261.4307116914065
1978,45 to 54 Years,268567.01085845684,2650.504210701917,20526.555978109634,711.8573276227099,47778.1004151018,0.09641730769230769,0.11019999999999999,0.08,23903.62696730887,1580.013149241408,3991.5873477866016,711.8573276227099,30187.084791959587,0.5003050929114243,1000.6101858228486,0.033069819342210476,66.13963868442094,0.08354428730123671,167.08857460247341,0.014899238802673381,29.79847760534676,0.6318184383575449,1263.6368767150898
1978,55 to 64 Years,268567.01085845684,2650.504210701917,20526.555978109634,711.8573276227099,38318.89769765421,0.09641730769230769,0.11019999999999999,0.08,23903.62696730887,1580.013149241408,3991.5873477866016,711.8573276227099,30187.084791959587,0.6238077920694517,1247.6155841389034,0.04123326202408303,82.46652404816605,0.10416759321422121,208.33518642844243,0.018577186985895163,37.15437397179033,0.787785834293651,1575.571668587302
1978,65 Years and Older,268567.01085845684,2650.504210701917,20526.555978109634,711.8573276227099,18442.092378142752,0.09641730769230769,0.11019999999999999,0.08,23903.62696730887,1580.013149241408,3991.5873477866016,711.8573276227099,30187.084791959587,1.2961450619149393,2592.2901238298787,0.08567428884121696,171.34857768243393,0.2164389628867363,432.8779257734726,0.038599596674094905,77.19919334818981,1.6368579103169876,3273.715820633975
1979,25 to 34 Years,271222.51865885867,2867.3770810228016,22155.96967729423,777.8554361350989,40106.31062355658,0.11203653846153848,0.12015,0.08,27166.051016382484,1709.2949611461622,4462.39733989863,777.8554361350989,34115.59875356237,0.67735103513676,1354.70207027352,0.04261910244474599,85.23820488949198,0.11126421928417483,222.52843856834966,0.019394838967766406,38.789677935532815,0.8506291958334472,1701.2583916668943
1979,35 to 44 Years,271222.51865885867,2867.3770810228016,22155.96967729423,777.8554361350989,46401.8140116764,0.11203653846153848,0.12015,0.08,27166.051016382484,1709.2949611461622,4462.39733989863,777.8554361350989,34115.59875356237,0.5854523491160606,1170.904698232121,0.03683681333484163,73.67362666968326,0.09616859674442312,192.33719348884622,0.016763470409569808,33.52694081913962,0.7352212296048951,1470.4424592097903
1979,45 to 54 Years,271222.51865885867,2867.3770810228016,22155.96967729423,777.8554361350989,45366.1581920904,0.11203653846153848,0.12015,0.08,27166.051016382484,1709.2949611461622,4462.39733989863,777.8554361350989,34115.59875356237,0.5988175348980486,1197.6350697960972,0.03767775428346009,75.35550856692018,0.09836401224463062,196.72802448926123,0.017146160643391625,34.29232128678325,0.7520054620695308,1504.0109241390617
1979,55 to 64 Years,271222.51865885867,2867.3770810228016,22155.96967729423,777.8554361350989,36316.06451612903,0.11203653846153848,0.12015,0.08,27166.051016382484,1709.2949611461622,4462.39733989863,777.8554361350989,34115.59875356237,0.7480450147431928,1496.0900294863857,0.04706718593880166,94.13437187760331,0.1228766772874508,245.7533545749016,0.021419045441711627,42.838090883423256,0.9394079234111569,1878.8158468223137
1979,65 Years and Older,271222.51865885867,2867.3770810228016,22155.96967729423,777.8554361350989,18369.241223103058,0.11203653846153848,0.12015,0.08,27166.051016382484,1709.2949611461622,4462.39733989863,777.8554361350989,34115.59875356237,1.4788880327955871,2957.7760655911743,0.09305201779354806,186.10403558709612,0.24292769013704593,485.8553802740919,0.04234553984498758,84.69107968997517,1.8572132805711685,3714.426561142337
1980,25 to 34 Years,246472.063403782,3156.294601620641,23925.11179881553,862.9709006794606,38717.654320987655,0.13742115384615383,0.14300000000000002,0.08,29320.950883393987,1881.523882627453,5209.549654688434,862.9709006794606,37274.99532138933,0.7573018406618708,1514.6036813237415,0.04859601945481332,97.19203890962665,0.13455230555804867,269.1046111160974,0.022288821877612313,44.57764375522463,0.962738987552345,1925.47797510469
1980,35 to 44 Years,246472.063403782,3156.294601620641,23925.11179881553,862.9709006794606,45686.67207792208,0.13742115384615383,0.14300000000000002,0.08,29320.950883393987,1881.523882627453,5209.549654688434,862.9709006794606,37274.99532138933,0.6417834687846137,1283.5669375692273,0.041183211581232525,82.36642316246505,0.11402777698062912,228.05555396125823,0.01888889825915966,37.77779651831932,0.815883355605635,1631.76671121127
1980,45 to 54 Years,246472.063403782,3156.294601620641,23925.11179881553,862.9709006794606,45185.13282732448,0.13742115384615383,0.14300000000000002,0.08,29320.950883393987,1881.523882627453,5209.549654688434,862.9709006794606,37274.99532138933,0.6489070419565733,1297.8140839131468,0.04164033089861036,83.28066179722073,0.1152934456250641,230.58689125012822,0.019098558456767497,38.19711691353499,0.8249393769370152,1649.8787538740305
1980,55 to 64 Years,246472.063403782,3156.294601620641,23925.11179881553,862.9709006794606,35059.18217433889,0.13742115384615383,0.14300000000000002,0.08,29320.950883393987,1881.523882627453,5209.549654688434,862.9709006794606,37274.99532138933,0.836327291880045,1672.65458376009,0.053667078520862076,107.33415704172415,0.1485930170527907,297.1860341055814,0.02461468999442608,49.22937998885216,1.0632020774481237,2126.4041548962473
1980,65 Years and Older,246472.063403782,3156.294601620641,23925.11179881553,862.9709006794606,18728.00410677618,0.13742115384615383,0.14300000000000002,0.08,29320.950883393987,1881.523882627453,5209.549654688434,862.9709006794606,37274.99532138933,1.5656206991531498,3131.2413983062997,0.10046579827194071,200.93159654388143,0.27816897225067944,556.3379445013588,0.0460791708373889,92.15834167477779,1.9903346405131588,3980.6692810263175
1981,25 to 34 Years,237875.6673998717,3542.749494901127,25385.49918065733,955.963868714384,37080.93570451436,0.16641509433962262,0.1654,0.08,33570.47206600279,2111.8965832277477,5946.413804541802,955.963868714384,42584.74632248672,0.9053296910713017,1810.6593821426034,0.05695370257257661,113.90740514515322,0.1603631001096303,320.72620021926065,0.025780467794344297,51.560935588688594,1.1484269615478528,2296.853923095706
1981,35 to 44 Years,237875.6673998717,3542.749494901127,25385.49918065733,955.963868714384,44689.2471042471,0.16641509433962262,0.1654,0.08,33570.47206600279,2111.8965832277477,5946.413804541802,955.963868714384,42584.74632248672,0.7511979780660116,1502.3959561320232,0.04725737666381587,94.51475332763174,0.13306140044540327,266.12280089080656,0.021391362143210794,42.78272428642159,0.9529081173184415,1905.8162346368829
1981,45 to 54 Years,237875.6673998717,3542.749494901127,25385.49918065733,955.963868714384,43852.16850167544,0.16641509433962262,0.1654,0.08,33570.47206600279,2111.8965832277477,5946.413804541802,955.963868714384,42584.74632248672,0.7655373317449552,1531.0746634899103,0.04815945608589594,96.31891217179188,0.1356013626627064,271.20272532541276,0.0217996943224794,43.5993886449588,0.9710978448160369,1942.1956896320737
1981,55 to 64 Years,237875.6673998717,3542.749494901127,25385.49918065733,955.963868714384,34870.75508228461,0.16641509433962262,0.1654,0.08,33570.47206600279,2111.8965832277477,5946.413804541802,955.963868714384,42584.74632248672,0.962711360473453,1925.4227209469059,0.06056354610745594,121.12709221491188,0.17052724526641405,341.0544905328281,0.027414487195892193,54.828974391784385,1.2212166390432149,2442.4332780864297
1981,65 Years and Older,237875.6673998717,3542.749494901127,25385.49918065733,955.963868714384,18970.98196392785,0.16641509433962262,0.1654,0.08,33570.47206600279,2111.8965832277477,5946.413804541802,955.963868714384,42584.74632248672,1.7695695525848354,3539.139105169671,0.11132247066827582,222.64494133655162,0.3134478655795752,626.8957311591504,0.050390848008399894,100.78169601679978,2.244730736841086,4489.461473682172
1982,25 to 34 Years,225027.0413212435,4012.702290553878,26361.34445278309,1067.6899243183263,35973.73097826087,0.16043653846153844,0.16824999999999998,0.08,30718.75278760731,2392.04388261931,6231.213390571801,1067.6899243183263,40409.69998511675,0.8539217910472179,1707.8435820944358,0.06649418388281259,132.98836776562518,0.17321565545529205,346.4313109105841,0.029679710591140447,59.3594211822809,1.123311340976463,2246.622681952926
1982,35 to 44 Years,225027.0413212435,4012.702290553878,26361.34445278309,1067.6899243183263,43576.59543109801,0.16043653846153844,0.16824999999999998,0.08,30718.75278760731,2392.04388261931,6231.213390571801,1067.6899243183263,40409.69998511675,0.7049369617729515,1409.873923545903,0.05489285840151366,109.78571680302731,0.1429944980539934,285.9889961079868,0.02450145344664489,49.00290689328978,0.9273257716751034,1854.6515433502068
1982,45 to 54 Years,225027.0413212435,4012.702290553878,26361.34445278309,1067.6899243183263,42823.00435413643,0.16043653846153844,0.16824999999999998,0.08,30718.75278760731,2392.04388261931,6231.213390571801,1067.6899243183263,40409.69998511675,0.7173423082035597,1434.6846164071194,0.05585885247185497,111.71770494370995,0.14551088800405257,291.0217760081051,0.024932625359229247,49.86525071845849,0.9436446740386965,1887.289348077393
1982,55 to 64 Years,225027.0413212435,4012.702290553878,26361.34445278309,1067.6899243183263,34353.11046511628,0.16043653846153844,0.16824999999999998,0.08,30718.75278760731,2392.04388261931,6231.213390571801,1067.6899243183263,40409.69998511675,0.8942058629247135,1788.411725849427,0.06963107125476456,139.26214250952913,0.18138716716494305,362.7743343298861,0.03107986176106258,62.15972352212516,1.1763039631054837,2352.6079262109674
1982,65 Years and Older,225027.0413212435,4012.702290553878,26361.34445278309,1067.6899243183263,20293.928430987024,0.16043653846153844,0.16824999999999998,0.08,30718.75278760731,2392.04388261931,6231.213390571801,1067.6899243183263,40409.69998511675,1.5136917867859683,3027.3835735719367,0.11786992798135977,235.73985596271953,0.3070481603284504,614.0963206569007,0.05261129839642377,105.22259679284754,1.9912211734922023,3982.4423469844046
1983,25 to 34 Years,237392.52823795177,4419.477469809915,27010.40551137945,1160.3946910060342,35806.908801696714,0.13235384615384616,0.139175,0.08,27337.035492615178,2634.5298705360638,5806.526884895892,1160.3946910060342,36938.48693905317,0.7634570089256018,1526.9140178512034,0.073576020904972,147.15204180994402,0.1621621938116241,324.32438762324824,0.032407005514842116,64.81401102968424,1.0316022291570401,2063.20445831408
1983,35 to 44 Years,237392.52823795177,4419.477469809915,27010.40551137945,1160.3946910060342,44265.04042179262,0.13235384615384616,0.139175,0.08,27337.035492615178,2634.5298705360638,5806.526884895892,1160.3946910060342,36938.48693905317,0.6175762008150472,1235.1524016300943,0.0595171685246904,119.0343370493808,0.1311763601606747,262.35272032134935,0.026214698551020578,52.42939710204116,0.8344844280514329,1668.9688561028656
1983,45 to 54 Years,237392.52823795177,4419.477469809915,27010.40551137945,1160.3946910060342,44180.76701821669,0.13235384615384616,0.139175,0.08,27337.035492615178,2634.5298705360638,5806.526884895892,1160.3946910060342,36938.48693905317,0.6187542077153962,1237.5084154307924,0.05963069562485843,119.26139124971687,0.13142657488272522,262.85314976545044,0.026264702252171816,52.52940450434363,0.8360761804751516,1672.1523609503033
1983,55 to 64 Years,237392.52823795177,4419.477469809915,27010.40551137945,1160.3946910060342,34369.82633863965,0.13235384615384616,0.139175,0.08,27337.035492615178,2634.5298705360638,5806.526884895892,1160.3946910060342,36938.48693905317,0.7953789240384381,1590.7578480768761,0.07665240564728258,153.30481129456516,0.16894257269982219,337.8851453996444,0.033762017869187824,67.52403573837564,1.0747359202547309,2149.471840509462
1983,65 Years and Older,237392.52823795177,4419.477469809915,27010.40551137945,1160.3946910060342,20507.925983037778,0.13235384615384616,0.139175,0.08,27337.035492615178,2634.5298705360638,5806.526884895892,1160.3946910060342,36938.48693905317,1.33299854481754,2665.99708963508,0.12846398376486723,256.9279675297345,0.28313574418488263,566.2714883697653,0.05658274230001626,113.16548460003251,1.8011810150673062,3602.3620301346123
1984,25 to 34 Years,241419.1133483074,4866.523761272045,27756.374991919005,1233.2135647358607,37274.66494845361,0.13877692307692308,0.1371,0.08,28966.696080934806,2901.022191498163,5925.341727770988,1233.2135647358607,39026.27356493982,0.7771148612869431,1554.2297225738862,0.07782825668614134,155.65651337228266,0.1589643189540409,317.9286379080818,0.033084497645820485,66.16899529164097,1.0469919345729457,2093.9838691458913
1984,35 to 44 Years,241419.1133483074,4866.523761272045,27756.374991919005,1233.2135647358607,46294.42799461642,0.13877692307692308,0.1371,0.08,28966.696080934806,2901.022191498163,5925.341727770988,1233.2135647358607,39026.27356493982,0.6257058859071192,1251.4117718142384,0.06266460818644358,125.32921637288716,0.1279925464995495,255.98509299909898,0.02663848800290331,53.276976005806624,0.8430015285960156,1686.0030571920313
1984,45 to 54 Years,241419.1133483074,4866.523761272045,27756.374991919005,1233.2135647358607,45361.04562737643,0.13877692307692308,0.1371,0.08,28966.696080934806,2901.022191498163,5925.341727770988,1233.2135647358607,39026.27356493982,0.6385808722066306,1277.1617444132612,0.06395404143301604,127.90808286603209,0.13062621563985527,261.25243127971055,0.027186621200627443,54.373242401254885,0.8603477504801293,1720.6955009602586
1984,55 to 64 Years,241419.1133483074,4866.523761272045,27756.374991919005,1233.2135647358607,35125.78947368421,0.13877692307692308,0.1371,0.08,28966.696080934806,2901.022191498163,5925.341727770988,1233.2135647358607,39026.27356493982,0.8246560864528406,1649.312172905681,0.08258952282543204,165.17904565086408,0.1686892114470531,337.37842289410617,0.03510849387911319,70.21698775822638,1.111043314604439,2222.086629208878
1984,65 Years and Older,241419.1133483074,4866.523761272045,27756.374991919005,1233.2135647358607,21155.47511312217,0.13877692307692308,0.1371,0.08,28966.696080934806,2901.022191498163,5925.341727770988,1233.2135647358607,39026.27356493982,1.369229285848917,2738.458571697834,0.13712867122982916,274.25734245965833,0.28008549541369826,560.1709908273965,0.05829287965132637,116.58575930265273,1.8447363321437706,3689.472664287541
1985,25 to 34 Years,245765.0427254416,5307.658696814015,28680.38552672632,1309.7790559794907,37534.05432595574,0.12430192307692309,0.1291,0.08,26827.092308101663,3163.990647059112,5958.2083961889475,1309.7790559794907,37259.07040732921,0.7147400617883706,1429.480123576741,0.08429653294531343,168.59306589062686,0.15874140172671666,317.48280345343335,0.034895752124324754,69.7915042486495,0.9926737485847253,1985.3474971694507
1985,35 to 44 Years,245765.0427254416,5307.658696814015,28680.38552672632,1309.7790559794907,46716.70542635659,0.12430192307692309,0.1291,0.08,26827.092308101663,3163.990647059112,5958.2083961889475,1309.7790559794907,37259.07040732921,0.5742505183802276,1148.501036760455,0.06772717849392809,135.4543569878562,0.1275391391968204,255.07827839364077,0.028036631522404848,56.07326304480969,0.7975534675933809,1595.1069351867618
1985,45 to 54 Years,245765.0427254416,5307.658696814015,28680.38552672632,1309.7790559794907,46383.24134705332,0.12430192307692309,0.1291,0.08,26827.092308101663,3163.990647059112,5958.2083961889475,1309.7790559794907,37259.07040732921,0.5783789905361144,1156.7579810722289,0.06821409102018518,136.42818204037036,0.12845605919620506,256.91211839241015,0.02823819590742551,56.47639181485102,0.80328733665993,1606.57467331986
1985,55 to 64 Years,245765.0427254416,5307.658696814015,28680.38552672632,1309.7790559794907,35368.321273516645,0.12430192307692309,0.1291,0.08,26827.092308101663,3163.990647059112,5958.2083961889475,1309.7790559794907,37259.07040732921,0.7585062378459407,1517.0124756918815,0.08945832126412706,178.91664252825413,0.1684617245503925,336.923449100785,0.037032548020882086,74.06509604176418,1.0534588316813422,2106.9176633626844
1985,65 Years and Older,245765.0427254416,5307.658696814015,28680.38552672632,1309.7790559794907,21407.42401779096,0.12430192307692309,0.1291,0.08,26827.092308101663,3163.990647059112,5958.2083961889475,1309.7790559794907,37259.07040732921,1.2531676994769014,2506.3353989538027,0.14779875637674247,295.5975127534849,0.27832439770601497,556.6487954120299,0.06118340323856711,122.36680647713422,1.7404742567982256,3480.9485135964514
1986,25 to 34 Years,263366.972287691,5745.468494650894,29910.8971169819,1408.3439167272506,38014.75247524752,0.10187307692307693,0.1133,0.08,24455.96437053385,3424.9769283319115,5880.888980376996,1408.3439167272506,35170.17419597001,0.6433282549046667,1286.6565098093333,0.09009599445799392,180.19198891598785,0.15470017815336845,309.4003563067369,0.03704729940420533,74.09459880841065,0.9251717269202345,1850.343453840469
1986,35 to 44 Years,263366.972287691,5745.468494650894,29910.8971169819,1408.3439167272506,47972.50543309531,0.10187307692307693,0.1133,0.08,24455.96437053385,3424.9769283319115,5880.888980376996,1408.3439167272506,35170.17419597001,0.5097912679303622,1019.5825358607244,0.07139458107120429,142.78916214240857,0.1225887396808732,245.17747936174638,0.029357314236826602,58.71462847365321,0.7331319029192663,1466.2638058385326
1986,45 to 54 Years,263366.972287691,5745.468494650894,29910.8971169819,1408.3439167272506,49089.34283088235,0.10187307692307693,0.1133,0.08,24455.96437053385,3424.9769283319115,5880.888980376996,1408.3439167272506,35170.17419597001,0.4981929469862139,996.3858939724279,0.06977027458141569,139.54054916283138,0.11979970888258255,239.5994177651651,0.02868940253649626,57.37880507299252,0.7164523329867084,1432.9046659734167
1986,55 to 64 Years,263366.972287691,5745.468494650894,29910.8971169819,1408.3439167272506,36162.65792031098,0.10187307692307693,0.1133,0.08,24455.96437053385,3424.9769283319115,5880.888980376996,1408.3439167272506,35170.17419597001,0.6762767389616571,1352.5534779233142,0.09471032068160709,189.42064136321417,0.1626232505734585,325.246501146917,0.03894470146057062,77.88940292114124,0.9725550116772933,1945.1100233545867
1986,65 Years and Older,263366.972287691,5745.468494650894,29910.8971169819,1408.3439167272506,21942.118030412745,0.10187307692307693,0.1133,0.08,24455.96437053385,3424.9769283319115,5880.888980376996,1408.3439167272506,35170.17419597001,1.114567168795501,2229.134337591002,0.15609144584787768,312.18289169575536,0.26801829122538784,536.0365824507757,0.06418450191431947,128.36900382863894,1.602861407783086,3205.722815566172
1987,25 to 34 Years,289049.2484048405,6206.184796678394,30934.069757963647,1500.664414952004,38494.77666585306,0.10213396226415095,0.104525,0.08,26894.417039168027,3699.6181880341746,5894.262148719825,1500.664414952004,37988.96179087403,0.6986510734331607,1397.3021468663214,0.0961070178468118,192.2140356936236,0.15311849189005305,306.23698378010613,0.03898358543493446,77.96717086986891,0.9868601686049601,1973.7203372099202
1987,35 to 44 Years,289049.2484048405,6206.184796678394,30934.069757963647,1500.664414952004,48610.13525698828,0.10213396226415095,0.104525,0.08,26894.417039168027,3699.6181880341746,5894.262148719825,1500.664414952004,37988.96179087403,0.5532676857816732,1106.5353715633464,0.07610795914216904,152.21591828433807,0.12125582694963712,242.51165389927422,0.030871430556989984,61.74286111397997,0.7815029024304694,1563.0058048609387
1987,45 to 54 Years,289049.2484048405,6206.184796678394,30934.069757963647,1500.664414952004,49513.16209034544,0.10213396226415095,0.104525,0.08,26894.417039168027,3699.6181880341746,5894.262148719825,1500.664414952004,37988.96179087403,0.5431771251065414,1086.3542502130827,0.07471989329389978,149.43978658779955,0.1190443490150096,238.0886980300192,0.03030839380069847,60.616787601396936,0.7672497612161493,1534.4995224322986
1987,55 to 64 Years,289049.2484048405,6206.184796678394,30934.069757963647,1500.664414952004,36083.85964912281,0.10213396226415095,0.104525,0.08,26894.417039168027,3699.6181880341746,5894.262148719825,1500.664414952004,37988.96179087403,0.7453309402233479,1490.6618804466957,0.10252833881987765,205.0566776397553,0.16334899331821098,326.69798663642194,0.0415882455353826,83.17649107076521,1.0527965178968193,2105.5930357936386
1987,65 Years and Older,289049.2484048405,6206.184796678394,30934.069757963647,1500.664414952004,22301.14893617021,0.10213396226415095,0.104525,0.08,26894.417039168027,3699.6181880341746,5894.262148719825,1500.664414952004,37988.96179087403,1.2059655364010415,2411.9310728020832,0.1658936137605793,331.78722752115857,0.2643030709130832,528.6061418261664,0.06729090143504123,134.58180287008244,1.7034531225097453,3406.9062450194906
1988,25 to 34 Years,297684.977697132,6696.457878306698,31511.012921160407,1598.0764703109014,38877.23140495868,0.10341730769230768,0.10855000000000001,0.08,27970.056263912968,3991.878774742197,6091.624816931215,1598.0764703109014,39651.63632589728,0.7194456820385998,1438.8913640771996,0.10267909083240542,205.35818166481084,0.15668875063346835,313.3775012669367,0.04110571695974913,82.21143391949826,1.0199192404642226,2039.838480928445
1988,35 to 44 Years,297684.977697132,6696.457878306698,31511.012921160407,1598.0764703109014,49350.06968641115,0.10341730769230768,0.10855000000000001,0.08,27970.056263912968,3991.878774742197,6091.624816931215,1598.0764703109014,39651.63632589728,0.5667683235635774,1133.5366471271548,0.08088902001776475,161.7780400355295,0.12343700537080662,246.87401074161326,0.032382456204533824,64.76491240906765,0.8034768051566825,1606.953610313365
1988,45 to 54 Years,297684.977697132,6696.457878306698,31511.012921160407,1598.0764703109014,49768.978195810174,0.10341730769230768,0.10855000000000001,0.08,27970.056263912968,3991.878774742197,6091.624816931215,1598.0764703109014,39651.63632589728,0.5619978001932867,1123.9956003865734,0.08020817222802165,160.4163444560433,0.12239802860658372,244.79605721316744,0.03210989110572972,64.21978221145943,0.7967138921336218,1593.4277842672436
1988,55 to 64 Years,297684.977697132,6696.457878306698,31511.012921160407,1598.0764703109014,36736.81650700074,0.10341730769230768,0.10855000000000001,0.08,27970.056263912968,3991.878774742197,6091.624816931215,1598.0764703109014,39651.63632589728,0.7613630935762457,1522.7261871524913,0.10866153233450389,217.32306466900778,0.16581798305169873,331.63596610339744,0.04350067921662087,87.00135843324173,1.079343288179069,2158.686576358138
1988,65 Years and Older,297684.977697132,6696.457878306698,31511.012921160407,1598.0764703109014,22358.23652173913,0.10341730769230768,0.10855000000000001,0.08,27970.056263912968,3991.878774742197,6091.624816931215,1598.0764703109014,39651.63632589728,1.2509956336098962,2501.9912672197925,0.17854175443849762,357.08350887699527,0.2724555136988675,544.911027397735,0.07147596228159928,142.95192456319856,1.7734688640288605,3546.937728057721
1989,25 to 34 Years,304726.89772116166,7212.223682340692,32225.430822462644,1720.562042877562,38700.71099247755,0.10319423076923076,0.120675,0.08,28583.226876146724,4299.336030992686,6502.377179688335,1720.562042877562,41105.5021297053,0.7385711048487608,1477.1422096975216,0.11109191331984493,222.18382663968987,0.16801699537127973,336.03399074255947,0.044458150735576824,88.91630147115364,1.0621381642754621,2124.2763285509245
1989,35 to 44 Years,304726.89772116166,7212.223682340692,32225.430822462644,1720.562042877562,49740.31879194631,0.10319423076923076,0.120675,0.08,28583.226876146724,4299.336030992686,6502.377179688335,1720.562042877562,41105.5021297053,0.5746490487064343,1149.2980974128686,0.08643563482123906,172.87126964247813,0.13072648783950225,261.4529756790045,0.03459089295495521,69.18178590991042,0.8264020643221307,1652.8041286442615
1989,45 to 54 Years,304726.89772116166,7212.223682340692,32225.430822462644,1720.562042877562,50607.78423236514,0.10319423076923076,0.120675,0.08,28583.226876146724,4299.336030992686,6502.377179688335,1720.562042877562,41105.5021297053,0.5647990187617604,1129.5980375235208,0.08495404602683901,169.90809205367802,0.12848571179944837,256.97142359889676,0.033997972228493906,67.99594445698781,0.8122367488165416,1624.4734976330833
1989,55 to 64 Years,304726.89772116166,7212.223682340692,32225.430822462644,1720.562042877562,38054.00933558447,0.10319423076923076,0.120675,0.08,28583.226876146724,4299.336030992686,6502.377179688335,1720.562042877562,41105.5021297053,0.7511226116565443,1502.2452233130884,0.1129798438077419,225.9596876154838,0.1708723283884816,341.7446567769632,0.04521368636099683,90.42737272199366,1.0801884702137645,2160.376940427529
1989,65 Years and Older,304726.89772116166,7212.223682340692,32225.430822462644,1720.562042877562,22766.80763983629,0.10319423076923076,0.120675,0.08,28583.226876146724,4299.336030992686,6502.377179688335,1720.562042877562,41105.5021297053,1.2554780331227966,2510.9560662455933,0.188842287377608,377.684574755216,0.28560777086335026,571.2155417267005,0.07557326745568857,151.14653491137713,1.8055013588194433,3611.0027176388867
1990,25 to 34 Years,293621.8711652529,7789.319804046352,32831.67188066548,1876.8632401841944,37322.87041564792,0.10129423076923078,0.11782500000000001,0.08,27144.648867513577,4643.353390780124,6558.96442266468,1876.8632401841944,40223.82992114258,0.7272926376030542,1454.5852752061085,0.1244104041052898,248.82080821057963,0.1757357981746972,351.4715963493944,0.0502872158352886,100.5744316705772,1.07772605571833,2155.45211143666
1990,35 to 44 Years,293621.8711652529,7789.319804046352,32831.67188066548,1876.8632401841944,48478.91181988743,0.10129423076923078,0.11782500000000001,0.08,27144.648867513577,4643.353390780124,6558.96442266468,1876.8632401841944,40223.82992114258,0.5599269424273271,1119.853884854654,0.0957808914529985,191.561782905997,0.13529520726523417,270.59041453046837,0.0387150447426968,77.4300894853936,0.8297180858882567,1659.4361717765134
1990,45 to 54 Years,293621.8711652529,7789.319804046352,32831.67188066548,1876.8632401841944,49377.60718660678,0.10129423076923078,0.11782500000000001,0.08,27144.648867513577,4643.353390780124,6558.96442266468,1876.8632401841944,40223.82992114258,0.5497360122156003,1099.4720244312007,0.09403763477707747,188.07526955415494,0.13283277170311603,265.6655434062321,0.038010412960903385,76.02082592180678,0.8146168316566972,1629.2336633133943
1990,55 to 64 Years,293621.8711652529,7789.319804046352,32831.67188066548,1876.8632401841944,37063.54753001378,0.10129423076923078,0.11782500000000001,0.08,27144.648867513577,4643.353390780124,6558.96442266468,1876.8632401841944,40223.82992114258,0.7323812931164252,1464.7625862328505,0.12528086759692855,250.56173519385712,0.1769653705531906,353.93074110638116,0.050639060890335034,101.27812178067006,1.0852665921568794,2170.5331843137587
1990,65 Years and Older,293621.8711652529,7789.319804046352,32831.67188066548,1876.8632401841944,23197.9892400807,0.10129423076923078,0.11782500000000001,0.08,27144.648867513577,4643.353390780124,6558.96442266468,1876.8632401841944,40223.82992114258,1.170129384343966,2340.258768687932,0.20016189087446834,400.32378174893665,0.28273848887438585,565.4769777487717,0.0809062897977991,161.81257959559818,1.7339360538906192,3467.8721077812384
1991,25 to 34 Years,276337.15557119256,8483.165205175177,34071.19820784602,2040.657672518435,36597.907783837385,0.09246538461538462,0.11137499999999999,0.08,23832.349625899784,5056.9670922403075,6653.249763511767,2040.657672518435,37583.2241541703,0.6511943187207218,1302.3886374414435,0.13817639855559175,276.35279711118346,0.18179317251709182,363.58634503418364,0.0557588615330531,111.5177230661062,1.0269227513264585,2053.845502652917
1991,35 to 44 Years,276337.15557119256,8483.165205175177,34071.19820784602,2040.657672518435,46958.96397580857,0.09246538461538462,0.11137499999999999,0.08,23832.349625899784,5056.9670922403075,6653.249763511767,2040.657672518435,37583.2241541703,0.5075143829445914,1015.0287658891828,0.10768906858433802,215.37813716867603,0.14168220932087136,283.3644186417427,0.043456190250911464,86.91238050182292,0.8003418511007123,1600.6837022014247
1991,45 to 54 Years,276337.15557119256,8483.165205175177,34071.19820784602,2040.657672518435,48993.239164086684,0.09246538461538462,0.11137499999999999,0.08,23832.349625899784,5056.9670922403075,6653.249763511767,2040.657672518435,37583.2241541703,0.486441599545627,972.883199091254,0.10321765162951699,206.435303259034,0.13579934450198125,271.5986890039625,0.041651821911262606,83.30364382252522,0.7671104175883879,1534.2208351767758
1991,55 to 64 Years,276337.15557119256,8483.165205175177,34071.19820784602,2040.657672518435,36986.4298180005,0.09246538461538462,0.11137499999999999,0.08,23832.349625899784,5056.9670922403075,6653.249763511767,2040.657672518435,37583.2241541703,0.6443538817661469,1288.707763532294,0.1367249317418355,273.449863483671,0.1798835355629208,359.7670711258416,0.0551731454633475,110.346290926695,1.016135494534251,2032.2709890685019
1991,65 Years and Older,276337.15557119256,8483.165205175177,34071.19820784602,2040.657672518435,22738.843357567745,0.09246538461538462,0.11137499999999999,0.08,23832.349625899784,5056.9670922403075,6653.249763511767,2040.657672518435,37583.2241541703,1.0480897929211561,2096.179585842312,0.22239332989456087,444.78665978912176,0.2925940277123854,585.1880554247708,0.0897432486089615,179.48649721792302,1.652820399137064,3305.640798274128
1992,25 to 34 Years,271343.26270934794,9242.035521425769,34943.37400533487,2191.002708649277,36317.31707317073,0.08390188679245282,0.0929,0.08,21805.33896800609,5509.343313113162,6381.581281141935,2191.002708649277,35887.26627091046,0.6004116142190111,1200.8232284380222,0.15170017383203582,303.40034766407166,0.1757173105129041,351.4346210258082,0.060329420927072594,120.6588418541452,0.9881585194910236,1976.3170389820473
1992,35 to 44 Years,271343.26270934794,9242.035521425769,34943.37400533487,2191.002708649277,46291.25064069708,0.08390188679245282,0.0929,0.08,21805.33896800609,5509.343313113162,6381.581281141935,2191.002708649277,35887.26627091046,0.4710466592759511,942.0933185519021,0.11901478652792345,238.0295730558469,0.13785718019749396,275.7143603949879,0.04733081691085379,94.66163382170758,0.7752494429122223,1550.4988858244446
1992,45 to 54 Years,271343.26270934794,9242.035521425769,34943.37400533487,2191.002708649277,49564.50631031923,0.08390188679245282,0.0929,0.08,21805.33896800609,5509.343313113162,6381.581281141935,2191.002708649277,35887.26627091046,0.4399385889467896,879.8771778935792,0.11115501239172292,222.31002478344584,0.12875304842516513,257.50609685033027,0.0442050747954916,88.4101495909832,0.7240517245591692,1448.1034491183384
1992,55 to 64 Years,271343.26270934794,9242.035521425769,34943.37400533487,2191.002708649277,36462.61315816484,0.08390188679245282,0.0929,0.08,21805.33896800609,5509.343313113162,6381.581281141935,2191.002708649277,35887.26627091046,0.598019096256774,1196.038192513548,0.15109567954482964,302.1913590896593,0.17501711282897858,350.03422565795717,0.06008902047544719,120.17804095089437,0.9842209091060293,1968.4418182120587
1992,65 Years and Older,271343.26270934794,9242.035521425769,34943.37400533487,2191.002708649277,22290.04651162791,0.08390188679245282,0.0929,0.08,21805.33896800609,5509.343313113162,6381.581281141935,2191.002708649277,35887.26627091046,0.9782545297351011,1956.5090594702021,0.24716607523627812,494.33215047255624,0.2862973515022903,572.5947030045807,0.09829511605129716,196.5902321025943,1.6100130725249666,3220.0261450499333
1993,25 to 34 Years,274692.6155177386,9988.34420634602,35898.9361193795,2321.7500531694536,36162.306918239,0.07314615384615385,0.080875,0.08,20103.42864954612,5954.231320008569,6267.703617196345,2321.7500531694536,34647.11363992049,0.5559221842511008,1111.8443685022016,0.16465297231923728,329.30594463847456,0.17332145405898133,346.6429081179627,0.06420359349360104,128.40718698720207,0.9581002041229206,1916.2004082458413
1993,35 to 44 Years,274692.6155177386,9988.34420634602,35898.9361193795,2321.7500531694536,46447.79151943463,0.07314615384615385,0.080875,0.08,20103.42864954612,5954.231320008569,6267.703617196345,2321.7500531694536,34647.11363992049,0.4328177506810947,865.6355013621894,0.12819191451798537,256.38382903597073,0.13494083167708457,269.8816633541691,0.04998623136253937,99.97246272507874,0.745936728238704,1491.8734564774081
1993,45 to 54 Years,274692.6155177386,9988.34420634602,35898.9361193795,2321.7500531694536,49704.11534353862,0.07314615384615385,0.080875,0.08,20103.42864954612,5954.231320008569,6267.703617196345,2321.7500531694536,34647.11363992049,0.4044620553167033,808.9241106334066,0.11979352773618171,239.58705547236343,0.1261002951943923,252.2005903887846,0.04671142494182373,93.42284988364746,0.6970673031891012,1394.1346063782023
1993,55 to 64 Years,274692.6155177386,9988.34420634602,35898.9361193795,2321.7500531694536,35815.884448969206,0.07314615384615385,0.080875,0.08,20103.42864954612,5954.231320008569,6267.703617196345,2321.7500531694536,34647.11363992049,0.5612992380012188,1122.5984760024376,0.16624554751655543,332.49109503311087,0.17499787353085264,349.9957470617053,0.06482459078952815,129.64918157905632,0.9673672498381553,1934.7344996763104
1993,65 Years and Older,274692.6155177386,9988.34420634602,35898.9361193795,2321.7500531694536,22469.71551438968,0.07314615384615385,0.080875,0.08,20103.42864954612,5954.231320008569,6267.703617196345,2321.7500531694536,34647.11363992049,0.894689949976083,1789.379899952166,0.2649891724795296,529.9783449590592,0.2789400521418478,557.8801042836956,0.10332796833509517,206.65593667019033,1.5419471429325557,3083.8942858651117
1994,25 to 34 Years,276018.6614100185,10633.42092113352,37208.32665772839,2432.7075718474875,36971.93103448276,0.0838076923076923,0.08115,0.08,22163.41637841695,6338.77313190925,6503.082853638363,2432.7075718474875,37437.97993581205,0.5994660207968501,1198.9320415937002,0.17144825694923105,342.8965138984621,0.17589243168210789,351.78486336421577,0.06579876960114862,131.59753920229724,1.0126054790293377,2025.2109580586755
1994,35 to 44 Years,276018.6614100185,10633.42092113352,37208.32665772839,2432.7075718474875,46141.500493583415,0.0838076923076923,0.08115,0.08,22163.41637841695,6338.77313190925,6503.082853638363,2432.7075718474875,37437.97993581205,0.4803358395659254,960.6716791318509,0.1373768313579386,274.7536627158772,0.14093782785721723,281.87565571443446,0.05272276683298992,105.44553366597984,0.8113732656140712,1622.7465312281424
1994,45 to 54 Years,276018.6614100185,10633.42092113352,37208.32665772839,2432.7075718474875,51073.90742001362,0.0838076923076923,0.08115,0.08,22163.41637841695,6338.77313190925,6503.082853638363,2432.7075718474875,37437.97993581205,0.4339479295396945,867.8958590793891,0.12410981364283406,248.21962728566814,0.1273269107875246,254.65382157504916,0.04763112310639887,95.26224621279775,0.733015777076452,1466.0315541529042
1994,55 to 64 Years,276018.6614100185,10633.42092113352,37208.32665772839,2432.7075718474875,36956.1533764185,0.0838076923076923,0.08115,0.08,22163.41637841695,6338.77313190925,6503.082853638363,2432.7075718474875,37437.97993581205,0.5997219502979791,1199.4439005959582,0.17152145320281043,343.04290640562084,0.17596752528329807,351.93505056659615,0.06582686101199546,131.65372202399092,1.0130377897960832,2026.0755795921664
1994,65 Years and Older,276018.6614100185,10633.42092113352,37208.32665772839,2432.7075718474875,22752.98239895697,0.0838076923076923,0.08115,0.08,22163.41637841695,6338.77313190925,6503.082853638363,2432.7075718474875,37437.97993581205,0.9740884069524421,1948.1768139048843,0.27859086869419936,557.1817373883987,0.28581232735170903,571.6246547034181,0.10691818457869534,213.8363691573907,1.6454097875770457,3290.8195751540916
1995,25 to 34 Years,274765.0685497101,11253.743833005354,38118.81508714827,2541.359479747796,37727.57276507277,0.07934615384615384,0.09570000000000001,0.08,21236.782399730975,6708.558757442611,7033.674499193719,2541.359479747796,37520.3751361151,0.5628981893950901,1125.7963787901801,0.1778158059416222,355.6316118832444,0.1864332630935992,372.8665261871984,0.06736079990018658,134.72159980037316,0.994508058330498,1989.0161166609962
1995,35 to 44 Years,274765.0685497101,11253.743833005354,38118.81508714827,2541.359479747796,46931.12781954887,0.07934615384615384,0.09570000000000001,0.08,21236.782399730975,6708.558757442611,7033.674499193719,2541.359479747796,37520.3751361151,0.4525095259032945,905.019051806589,0.1429447590357759,285.8895180715518,0.14987226657408148,299.744533148163,0.05415082905144266,108.30165810288533,0.7994773805645945,1598.954761129189
1995,45 to 54 Years,274765.0685497101,11253.743833005354,38118.81508714827,2541.359479747796,51014.55755156354,0.07934615384615384,0.09570000000000001,0.08,21236.782399730975,6708.558757442611,7033.674499193719,2541.359479747796,37520.3751361151,0.416288671684855,832.57734336971,0.13150283133715035,263.0056626743007,0.13787583067998488,275.7516613599698,0.0498163583439705,99.63271668794101,0.7354836920459608,1470.9673840919215
1995,55 to 64 Years,274765.0685497101,11253.743833005354,38118.81508714827,2541.359479747796,39557.20324057767,0.07934615384615384,0.09570000000000001,0.08,21236.782399730975,6708.558757442611,7033.674499193719,2541.359479747796,37520.3751361151,0.5368625853191346,1073.7251706382692,0.16959133123347278,339.18266246694554,0.17781020706687867,355.6204141337573,0.06424517588596547,128.49035177193093,0.9485092995054515,1897.018599010903
1995,65 Years and Older,274765.0685497101,11253.743833005354,38118.81508714827,2541.359479747796,23711.62162162162,0.07934615384615384,0.09570000000000001,0.08,21236.782399730975,6708.558757442611,7033.674499193719,2541.359479747796,37520.3751361151,0.8956275845919394,1791.2551691838787,0.2829228158450943,565.8456316901886,0.2966340561364226,593.2681122728452,0.10717780168313913,214.35560336627827,1.5823622582565955,3164.724516513191
1996,25 to 34 Years,280490.0151418553,11843.77104578636,38853.51614653164,2631.4704343105623,39039.04044409199,0.07806153846153846,0.090475,0.08,21438.69433398608,7060.284572795066,7032.232610011238,2631.4704343105623,38162.681951102946,0.5491603812519046,1098.3207625038092,0.18085189831717652,361.703796634353,0.18013333652711405,360.2666730542281,0.06740612485286632,134.81224970573263,0.9775517409490615,1955.103481898123
1996,35 to 44 Years,280490.0151418553,11843.77104578636,38853.51614653164,2631.4704343105623,47470.602582496416,0.07806153846153846,0.090475,0.08,21438.69433398608,7060.284572795066,7032.232610011238,2631.4704343105623,38162.681951102946,0.45162043807489094,903.2408761497819,0.14872961767286197,297.4592353457239,0.1481386843107864,296.2773686215728,0.05543368508409983,110.86737016819966,0.8039224251426391,1607.8448502852782
1996,45 to 54 Years,280490.0151418553,11843.77104578636,38853.51614653164,2631.4704343105623,51695.658396946565,0.07806153846153846,0.090475,0.08,21438.69433398608,7060.284572795066,7032.232610011238,2631.4704343105623,38162.681951102946,0.4147097647807958,829.4195295615916,0.13657403332756637,273.14806665513277,0.13603139660228414,272.06279320456827,0.05090312254280123,101.80624508560246,0.7382183172534476,1476.4366345068952
1996,55 to 64 Years,280490.0151418553,11843.77104578636,38853.51614653164,2631.4704343105623,39849.36787872783,0.07806153846153846,0.090475,0.08,21438.69433398608,7060.284572795066,7032.232610011238,2631.4704343105623,38162.681951102946,0.5379933352827503,1075.9866705655006,0.1771743179033951,354.3486358067902,0.17647036789673004,352.9407357934601,0.06603543730778423,132.07087461556847,0.9576734583906595,1915.3469167813191
1996,65 Years and Older,280490.0151418553,11843.77104578636,38853.51614653164,2631.4704343105623,23561.92307692308,0.07806153846153846,0.090475,0.08,21438.69433398608,7060.284572795066,7032.232610011238,2631.4704343105623,38162.681951102946,0.9098872899293808,1819.7745798587616,0.29964806139741706,599.2961227948341,0.2984574980171596,596.9149960343192,0.11168317737561353,223.36635475122708,1.6196760267195711,3239.3520534391423
1997,25 to 34 Years,283365.4708752985,12430.103661117271,39011.27404271825,2704.385375156128,40107.48244192328,0.07598846153846153,0.090175,0.08,21268.43726874632,7409.807972271806,7052.922679475062,2704.385375156128,38435.55329564931,0.5302860208078028,1060.5720416156057,0.1847487680883837,369.49753617676737,0.17585054583487966,351.7010916697593,0.06742845001732908,134.85690003465817,0.9583137847483952,1916.6275694967906
1997,35 to 44 Years,283365.4708752985,12430.103661117271,39011.27404271825,2704.385375156128,47374.059616749466,0.07598846153846153,0.090175,0.08,21268.43726874632,7409.807972271806,7052.922679475062,2704.385375156128,38435.55329564931,0.44894690133810483,897.8938026762097,0.1564106608598941,312.8213217197882,0.14887731253205597,297.7546250641119,0.057085784858512977,114.17156971702595,0.8113206595885678,1622.6413191771355
1997,45 to 54 Years,283365.4708752985,12430.103661117271,39011.27404271825,2704.385375156128,53200.53654024052,0.07598846153846153,0.090175,0.08,21268.43726874632,7409.807972271806,7052.922679475062,2704.385375156128,38435.55329564931,0.39977862352307325,799.5572470461465,0.1392807000483365,278.561400096673,0.13257239753851505,265.1447950770301,0.0508337988867941,101.66759777358821,0.7224655199967188,1444.9310399934377
1997,55 to 64 Years,283365.4708752985,12430.103661117271,39011.27404271825,2704.385375156128,41481.94086790653,0.07598846153846153,0.090175,0.08,21268.43726874632,7409.807972271806,7052.922679475062,2704.385375156128,38435.55329564931,0.5127155775201719,1025.4311550403438,0.1786273211243251,357.2546422486502,0.17002393166544721,340.0478633308944,0.06519428258595389,130.38856517190777,0.926561112895898,1853.1222257917962
1997,65 Years and Older,283365.4708752985,12430.103661117271,39011.27404271825,2704.385375156128,24391.02229299363,0.07598846153846153,0.090175,0.08,21268.43726874632,7409.807972271806,7052.922679475062,2704.385375156128,38435.55329564931,0.8719780996984172,1743.9561993968343,0.3037924316276111,607.5848632552222,0.28916060158335505,578.3212031667101,0.11087626187496732,221.75252374993465,1.5758073947843505,3151.614789568701
1998,25 to 34 Years,292360.3660600174,13045.623596303973,38792.66667228823,2791.2300477837834,41998.060941828255,0.06942641509433961,0.08725,0.08,20688.800056725493,7776.730457166729,6937.366466149489,2791.2300477837834,38194.127027825496,0.4926132205337209,985.2264410674418,0.1851687978627947,370.3375957255894,0.16518301822930523,330.36603645861044,0.06646092665206452,132.92185330412903,0.9094259632778854,1818.8519265557707
1998,35 to 44 Years,292360.3660600174,13045.623596303973,38792.66667228823,2791.2300477837834,50245.27875793931,0.06942641509433961,0.08725,0.08,20688.800056725493,7776.730457166729,6937.366466149489,2791.2300477837834,38194.127027825496,0.4117561006357524,823.5122012715049,0.1547753470456748,309.5506940913496,0.1380700164799724,276.14003295994485,0.05555208602246511,111.10417204493021,0.7601535501838648,1520.3071003677296
1998,45 to 54 Years,292360.3660600174,13045.623596303973,38792.66667228823,2791.2300477837834,54573.6158861885,0.06942641509433961,0.08725,0.08,20688.800056725493,7776.730457166729,6937.366466149489,2791.2300477837834,38194.127027825496,0.3790989422410879,758.1978844821758,0.14249982030483097,284.9996406096619,0.1271194212349268,254.2388424698536,0.05114614456928789,102.29228913857578,0.6998643283501337,1399.7286567002673
1998,55 to 64 Years,292360.3660600174,13045.623596303973,38792.66667228823,2791.2300477837834,42611.12702078522,0.06942641509433961,0.08725,0.08,20688.800056725493,7776.730457166729,6937.366466149489,2791.2300477837834,38194.127027825496,0.4855257652920969,971.0515305841938,0.1825046883499075,365.009376699815,0.1628064534121691,325.6129068243382,0.06550472242666225,131.0094448533245,0.8963416294808357,1792.6832589616715
1998,65 Years and Older,292360.3660600174,13045.623596303973,38792.66667228823,2791.2300477837834,24855.866203849797,0.06942641509433961,0.08725,0.08,20688.800056725493,7776.730457166729,6937.366466149489,2791.2300477837834,38194.127027825496,0.832350797475773,1664.701594951546,0.3128730414537809,625.7460829075618,0.2791037901980256,558.2075803960512,0.11229663150308816,224.59326300617633,1.5366242606306677,3073.2485212613356
1999,25 to 34 Years,301542.39494221815,13671.118944605943,38634.90877610161,2888.449968911203,43277.07591120855,0.07439999999999998,0.08439999999999999,0.08,22316.678141416276,8149.599464926097,6835.723487294654,2888.449968911203,40190.45106254823,0.5156697321048986,1031.3394642097974,0.18831215587778172,376.62431175556344,0.1579525266753116,315.9050533506232,0.06674318696663858,133.48637393327718,0.9286776016246305,1857.355203249261
1999,35 to 44 Years,301542.39494221815,13671.118944605943,38634.90877610161,2888.449968911203,50561.70162620787,0.07439999999999998,0.08439999999999999,0.08,22316.678141416276,8149.599464926097,6835.723487294654,2888.449968911203,40190.45106254823,0.4413751401485423,882.7502802970846,0.16118127362829657,322.36254725659313,0.13519567711209038,270.39135422418076,0.05712723021596291,114.25446043192582,0.7948793211048921,1589.7586422097843
1999,45 to 54 Years,301542.39494221815,13671.118944605943,38634.90877610161,2888.449968911203,55986.29795575469,0.07439999999999998,0.08439999999999999,0.08,22316.678141416276,8149.599464926097,6835.723487294654,2888.449968911203,40190.45106254823,0.39860964122065873,797.2192824413174,0.14556417842391775,291.1283568478355,0.1220963653052546,244.1927306105092,0.05159208724952507,103.18417449905014,0.717862272199356,1435.7245443987122
1999,55 to 64 Years,301542.39494221815,13671.118944605943,38634.90877610161,2888.449968911203,43420.454746136864,0.07439999999999998,0.08439999999999999,0.08,22316.678141416276,8149.599464926097,6835.723487294654,2888.449968911203,40190.45106254823,0.5139669372855152,1027.9338745710304,0.1876903296516297,375.38065930325945,0.15743095108654592,314.86190217309183,0.06652279405637017,133.04558811274035,0.9256110120800609,1851.222024160122
1999,65 Years and Older,301542.39494221815,13671.118944605943,38634.90877610161,2888.449968911203,25610.397067806964,0.07439999999999998,0.08439999999999999,0.08,22316.678141416276,8149.599464926097,6835.723487294654,2888.449968911203,40190.45106254823,0.8713913369765364,1742.7826739530728,0.31821449090964654,636.4289818192931,0.26691204627543097,533.8240925508619,0.11278427121858534,225.56854243717066,1.5693021453801992,3138.6042907603983
2000,25 to 34 Years,305218.14184088266,14361.269748284672,38605.610881095534,3005.940051459459,44074.9324137931,0.08053461538461539,0.0934,0.08,23833.678606962098,8561.010750510563,7063.4308852514105,3005.940051459459,42464.06029418353,0.5407536053192773,1081.5072106385546,0.1942376376244067,388.47527524881343,0.16025959651933427,320.51919303866856,0.06820067296390817,136.40134592781632,0.9634515124269265,1926.903024853853
2000,35 to 44 Years,305218.14184088266,14361.269748284672,38605.610881095534,3005.940051459459,51477.305785123965,0.08053461538461539,0.0934,0.08,23833.678606962098,8561.010750510563,7063.4308852514105,3005.940051459459,42464.06029418353,0.46299390077733266,925.9878015546653,0.16630650380666473,332.61300761332944,0.13721446329641862,274.42892659283723,0.058393499924157315,116.78699984831464,0.8249083678045733,1649.8167356091467
2000,45 to 54 Years,305218.14184088266,14361.269748284672,38605.610881095534,3005.940051459459,55415.116594360086,0.08053461538461539,0.0934,0.08,23833.678606962098,8561.010750510563,7063.4308852514105,3005.940051459459,42464.06029418353,0.43009344871409666,860.1868974281933,0.15448872576010902,308.97745152021804,0.12746397227593845,254.9279445518769,0.054244044517004424,108.48808903400885,0.7662901912671486,1532.580382534297
2000,55 to 64 Years,305218.14184088266,14361.269748284672,38605.610881095534,3005.940051459459,43465.29386343993,0.08053461538461539,0.0934,0.08,23833.678606962098,8561.010750510563,7063.4308852514105,3005.940051459459,42464.06029418353,0.5483381449540682,1096.6762899081364,0.1969619894301809,393.9239788603618,0.1625073767462249,325.0147534924498,0.06915724671972948,138.31449343945894,0.9769647578502035,1953.9295157004071
2000,65 Years and Older,305218.14184088266,14361.269748284672,38605.610881095534,3005.940051459459,24915.916007303716,0.08053461538461539,0.0934,0.08,23833.678606962098,8561.010750510563,7063.4308852514105,3005.940051459459,42464.06029418353,0.9565644144881377,1913.1288289762754,0.34359606718858077,687.1921343771616,0.28349071666403414,566.9814333280683,0.12064336910504571,241.2867382100914,1.7042945674457983,3408.5891348915966
2001,25 to 34 Years,306661.54207454814,15119.401145045244,38432.07719529026,3144.4688323544588,43704.27855153204,0.06967884615384615,0.085,0.08,21750.86769272408,9012.946488208274,6815.1853580776415,3144.4688323544588,40723.46837136446,0.49768279934142995,995.3655986828599,0.20622572404624048,412.451448092481,0.15593863081487103,311.87726162974207,0.07194876420730277,143.89752841460555,0.9317959184098443,1863.5918368196888
2001,35 to 44 Years,306661.54207454814,15119.401145045244,38432.07719529026,3144.4688323544588,51005.00239120038,0.06967884615384615,0.085,0.08,21750.86769272408,9012.946488208274,6815.1853580776415,3144.4688323544588,40723.46837136446,0.4264457734145042,852.8915468290083,0.1767071084338039,353.4142168676078,0.13361797938575196,267.23595877150393,0.06165020458653987,123.30040917307974,0.7984210658206,1596.8421316412
2001,45 to 54 Years,306661.54207454814,15119.401145045244,38432.07719529026,3144.4688323544588,54567.70811099253,0.06967884615384615,0.085,0.08,21750.86769272408,9012.946488208274,6815.1853580776415,3144.4688323544588,40723.46837136446,0.398603284720738,797.2065694414761,0.16516996590503016,330.3399318100603,0.12489411034480921,249.7882206896184,0.057625085260288096,115.25017052057619,0.7462924462308657,1492.5848924617312
2001,55 to 64 Years,306661.54207454814,15119.401145045244,38432.07719529026,3144.4688323544588,44450.41871921183,0.06967884615384615,0.085,0.08,21750.86769272408,9012.946488208274,6815.1853580776415,3144.4688323544588,40723.46837136446,0.48932874693761164,978.6574938752233,0.20276404020268105,405.5280804053621,0.1533210609584666,306.6421219169332,0.07074103963379301,141.48207926758602,0.9161548877325524,1832.3097754651048
2001,65 Years and Older,306661.54207454814,15119.401145045244,38432.07719529026,3144.4688323544588,24850.112427833486,0.06967884615384615,0.085,0.08,21750.86769272408,9012.946488208274,6815.1853580776415,3144.4688323544588,40723.46837136446,0.875282466262081,1750.5649325241618,0.36269238275611504,725.38476551223,0.27425169112894077,548.5033822578815,0.1265374086932694,253.0748173865388,1.6387639488404064,3277.5278976808127
2002,25 to 34 Years,324413.9831596016,16051.548081705536,37861.89508478721,3292.796459054792,43486.32075471698,0.06537307692307692,0.07615,0.08,22113.92197322204,9568.616013652387,6492.584001099352,3292.796459054792,41467.91844702857,0.5085259361893322,1017.0518723786644,0.2200373783660342,440.0747567320684,0.14930175486035108,298.60350972070216,0.0757202817324485,151.440563464897,0.953585351148166,1907.170702296332
2002,35 to 44 Years,324413.9831596016,16051.548081705536,37861.89508478721,3292.796459054792,49876.8917289607,0.06537307692307692,0.07615,0.08,22113.92197322204,9568.616013652387,6492.584001099352,3292.796459054792,41467.91844702857,0.44337008996857225,886.7401799371445,0.1918446735945342,383.68934718906837,0.13017218547581372,260.3443709516274,0.06601847759376014,132.03695518752028,0.8314054266326802,1662.8108532653605
2002,45 to 54 Years,324413.9831596016,16051.548081705536,37861.89508478721,3292.796459054792,54568.85444035733,0.06537307692307692,0.07615,0.08,22113.92197322204,9568.616013652387,6492.584001099352,3292.796459054792,41467.91844702857,0.40524805220883126,810.4961044176625,0.17534940236120758,350.69880472241516,0.11897966463993882,237.95932927987764,0.060342048460147776,120.68409692029556,0.7599191676701254,1519.8383353402508
2002,55 to 64 Years,324413.9831596016,16051.548081705536,37861.89508478721,3292.796459054792,45680.957943925234,0.06537307692307692,0.07615,0.08,22113.92197322204,9568.616013652387,6492.584001099352,3292.796459054792,41467.91844702857,0.48409497017044945,968.1899403408989,0.20946618556901006,418.93237113802013,0.1421288933798016,284.2577867596032,0.07208247390732918,144.16494781465835,0.9077725230265902,1815.5450460531804
2002,65 Years and Older,324413.9831596016,16051.548081705536,37861.89508478721,3292.796459054792,24517.173717371737,0.06537307692307692,0.07615,0.08,22113.92197322204,9568.616013652387,6492.584001099352,3292.796459054792,41467.91844702857,0.9019768032052217,1803.9536064104434,0.3902821803180563,780.5643606361126,0.2648177997979843,529.6355995959686,0.1343057114581551,268.6114229163102,1.6913824947794174,3382.7649895588347
2003,25 to 34 Years,327614.7702151755,17139.976490505065,37280.44455312798,3424.504474732353,42803.90625,0.05826981132075471,0.06935000000000001,0.08,20873.61875009563,10217.447730639447,6227.555361229423,3424.504474732353,40743.12631669686,0.4876568654314261,975.3137308628523,0.23870362837829662,477.40725675659326,0.145490351391222,290.980702782444,0.08000448498160967,160.00896996321933,0.9518553301825544,1903.7106603651089
2003,35 to 44 Years,327614.7702151755,17139.976490505065,37280.44455312798,3424.504474732353,50930.11767590096,0.05826981132075471,0.06935000000000001,0.08,20873.61875009563,10217.447730639447,6227.555361229423,3424.504474732353,40743.12631669686,0.4098482332777444,819.6964665554888,0.20061700614279407,401.23401228558816,0.1222764769729988,244.55295394599761,0.06723928062614226,134.47856125228452,0.7999809970196796,1599.9619940393593
2003,45 to 54 Years,327614.7702151755,17139.976490505065,37280.44455312798,3424.504474732353,55005.64566115703,0.05826981132075471,0.06935000000000001,0.08,20873.61875009563,10217.447730639447,6227.555361229423,3424.504474732353,40743.12631669686,0.3794813877593625,758.962775518725,0.1857527097051173,371.50541941023465,0.11321665778804037,226.43331557608073,0.062257327108344675,124.51465421668935,0.7407080823608649,1481.41616472173
2003,55 to 64 Years,327614.7702151755,17139.976490505065,37280.44455312798,3424.504474732353,47773.94419306184,0.05826981132075471,0.06935000000000001,0.08,20873.61875009563,10217.447730639447,6227.555361229423,3424.504474732353,40743.12631669686,0.4369247526589417,873.8495053178834,0.2138707176729887,427.74143534597744,0.13035464135142194,260.7092827028439,0.07168142661391752,143.36285322783505,0.85283153829727,1705.66307659454
2003,65 Years and Older,327614.7702151755,17139.976490505065,37280.44455312798,3424.504474732353,25095.4351687389,0.05826981132075471,0.06935000000000001,0.08,20873.61875009563,10217.447730639447,6227.555361229423,3424.504474732353,40743.12631669686,0.8317695473198115,1663.5390946396228,0.40714367620798253,814.2873524159651,0.24815490623517933,496.3098124703587,0.1364592584948764,272.9185169897528,1.6235273882578498,3247.0547765157
2004,25 to 34 Years,362293.579767052,18365.843924448327,37066.34455116044,3575.3298464418885,42202.61392228124,0.05839230769230769,0.066025,0.08,23110.53717696509,10948.209318203288,6112.135710577976,3575.3298464418885,43746.212052188246,0.5476091414509203,1095.2182829018407,0.2594201709487735,518.840341897547,0.14482836825780168,289.65673651560337,0.08471820852201437,169.43641704402873,1.03657588917951,2073.15177835902
2004,35 to 44 Years,362293.579767052,18365.843924448327,37066.34455116044,3575.3298464418885,51514.47583643123,0.05839230769230769,0.066025,0.08,23110.53717696509,10948.209318203288,6112.135710577976,3575.3298464418885,43746.212052188246,0.44862219408668097,897.2443881733619,0.2125268507626098,425.0537015252196,0.11864889647688992,237.29779295377983,0.06940437204086627,138.80874408173256,0.8492023133670471,1698.404626734094
2004,45 to 54 Years,362293.579767052,18365.843924448327,37066.34455116044,3575.3298464418885,53800.761614623,0.05839230769230769,0.066025,0.08,23110.53717696509,10948.209318203288,6112.135710577976,3575.3298464418885,43746.212052188246,0.4295578070531192,859.1156141062384,0.20349543370084142,406.9908674016828,0.11360686219201595,227.2137243840319,0.06645500433715268,132.91000867430535,0.8131151072831293,1626.2302145662586
2004,55 to 64 Years,362293.579767052,18365.843924448327,37066.34455116044,3575.3298464418885,47166.99421965318,0.05839230769230769,0.066025,0.08,23110.53717696509,10948.209318203288,6112.135710577976,3575.3298464418885,43746.212052188246,0.4899726505645248,979.9453011290497,0.23211590009781613,464.2318001956323,0.1295850162110016,259.1700324220032,0.07580151980412074,151.6030396082415,0.9274750866774634,1854.9501733549268
2004,65 Years and Older,362293.579767052,18365.843924448327,37066.34455116044,3575.3298464418885,25265.798712697484,0.05839230769230769,0.066025,0.08,23110.53717696509,10948.209318203288,6112.135710577976,3575.3298464418885,43746.212052188246,0.9146964811902323,1829.3929623804645,0.4333213227374125,866.6426454748249,0.24191341742567926,483.8268348513585,0.14150868084946328,283.01736169892655,1.7314399022027875,3462.879804405575
2005,25 to 34 Years,379960.3679539151,19544.420511030305,37296.220342746645,3726.155218151423,41727.474972191325,0.05866730769230769,0.070725,0.08,24302.05241409607,11650.779982557913,6263.474203788843,3726.155218151423,45942.461818594245,0.5823993047816055,1164.7986095632111,0.279211238885708,558.422477771416,0.15010431874833177,300.2086374966635,0.08929740466286698,178.59480932573396,1.101012267078512,2202.024534157024
2005,35 to 44 Years,379960.3679539151,19544.420511030305,37296.220342746645,3726.155218151423,51222.79661016949,0.05866730769230769,0.070725,0.08,24302.05241409607,11650.779982557913,6263.474203788843,3726.155218151423,45942.461818594245,0.4744382193546862,948.8764387093725,0.22745302391874542,454.90604783749086,0.12227903625522327,244.55807251044652,0.07274408007257559,145.48816014515117,0.8969143596012304,1793.828719202461
2005,45 to 54 Years,379960.3679539151,19544.420511030305,37296.220342746645,3726.155218151423,53840.509109059145,0.05866730769230769,0.070725,0.08,24302.05241409607,11650.779982557913,6263.474203788843,3726.155218151423,45942.461818594245,0.451371148160392,902.7422963207839,0.2163943130433283,432.78862608665656,0.11633385915986737,232.66771831973475,0.06920728053673743,138.41456107347486,0.8533066009003251,1706.6132018006501
2005,55 to 64 Years,379960.3679539151,19544.420511030305,37296.220342746645,3726.155218151423,48012.69906928646,0.05866730769230769,0.070725,0.08,24302.05241409607,11650.779982557913,6263.474203788843,3726.155218151423,45942.461818594245,0.5061588472463528,1012.3176944927058,0.24266038378189977,485.32076756379956,0.13045453234674664,260.9090646934933,0.07760770151193251,155.21540302386504,0.9568814648869317,1913.7629297738633
2005,65 Years and Older,379960.3679539151,19544.420511030305,37296.220342746645,3726.155218151423,25301.226031377108,0.05866730769230769,0.070725,0.08,24302.05241409607,11650.779982557913,6263.474203788843,3726.155218151423,45942.461818594245,0.9605088853780477,1921.0177707560954,0.4604828227734614,920.9656455469228,0.24755615384097382,495.11230768194764,0.14727172562825463,294.5434512565093,1.8158195876207375,3631.6391752414747
2006,25 to 34 Years,379289.75135380926,20749.96765899802,37208.32665772839,3875.6356502406193,42275.98066298343,0.06413269230769231,0.07715,0.068,25556.067810067394,11708.300209281902,6404.940113986378,3875.6356502406193,47544.943783576295,0.6045056178305077,1209.0112356610155,0.27694922804082023,553.8984560816405,0.15150305240806636,303.00610481613273,0.09167464809714279,183.34929619428559,1.124632546376537,2249.265092753074
2006,35 to 44 Years,379289.75135380926,20749.96765899802,37208.32665772839,3875.6356502406193,51783.51023502654,0.06413269230769231,0.07715,0.068,25556.067810067394,11708.300209281902,6404.940113986378,3875.6356502406193,47544.943783576295,0.4935174864368539,987.0349728737078,0.22610093746333884,452.2018749266777,0.12368686643521619,247.37373287043238,0.07484304622553622,149.68609245107245,0.9181483365609452,1836.2966731218903
2006,45 to 54 Years,379289.75135380926,20749.96765899802,37208.32665772839,3875.6356502406193,54900.10598964752,0.06413269230769231,0.07715,0.068,25556.067810067394,11708.300209281902,6404.940113986378,3875.6356502406193,47544.943783576295,0.465501247208639,931.0024944172781,0.21326553015197694,426.5310603039539,0.11666535061324204,233.33070122648408,0.07059431999951778,141.18863999903556,0.8660264479733758,1732.0528959467515
2006,55 to 64 Years,379289.75135380926,20749.96765899802,37208.32665772839,3875.6356502406193,48871.207471647765,0.06413269230769231,0.07715,0.068,25556.067810067394,11708.300209281902,6404.940113986378,3875.6356502406193,47544.943783576295,0.5229268751932012,1045.8537503864025,0.23957460466010336,479.1492093202067,0.13105753766575445,262.11507533150893,0.07930304673746884,158.60609347493767,0.9728620642565279,1945.7241285130558
2006,65 Years and Older,379289.75135380926,20749.96765899802,37208.32665772839,3875.6356502406193,26659.52326249282,0.06413269230769231,0.07715,0.068,25556.067810067394,11708.300209281902,6404.940113986378,3875.6356502406193,47544.943783576295,0.9586093328991417,1917.2186657982834,0.4391789040636846,878.3578081273691,0.24024961177747176,480.4992235549435,0.14537527967325792,290.75055934651584,1.7834131284135561,3566.8262568271125
2007,25 to 34 Years,370585.4352441955,21904.04167529093,36848.931633372966,4047.095277739639,42949.37672366244,0.06337307692307693,0.077675,0.068,24791.70387098455,12359.493756594717,6355.793675079916,4047.095277739639,47554.08658039882,0.5772308182839324,1154.4616365678648,0.2877688734836844,575.5377469673688,0.1479833739142079,295.9667478284158,0.09422942977214244,188.45885954428488,1.107212495453967,2214.424990907934
2007,35 to 44 Years,370585.4352441955,21904.04167529093,36848.931633372966,4047.095277739639,53262.02157718983,0.06337307692307693,0.077675,0.068,24791.70387098455,12359.493756594717,6355.793675079916,4047.095277739639,47554.08658039882,0.46546682113924737,930.9336422784947,0.23205078197572274,464.1015639514455,0.11933068792495607,238.66137584991216,0.07598463516587327,151.96927033174654,0.8928329262057993,1785.6658524115987
2007,45 to 54 Years,370585.4352441955,21904.04167529093,36848.931633372966,4047.095277739639,54848.06451612903,0.06337307692307693,0.077675,0.068,24791.70387098455,12359.493756594717,6355.793675079916,4047.095277739639,47554.08658039882,0.4520069047047981,904.0138094095962,0.22534056334768554,450.68112669537106,0.11587999925158497,231.75999850316995,0.07378738545185164,147.57477090370327,0.8670148527559202,1734.0297055118403
2007,55 to 64 Years,370585.4352441955,21904.04167529093,36848.931633372966,4047.095277739639,48938.48329048843,0.06337307692307693,0.077675,0.068,24791.70387098455,12359.493756594717,6355.793675079916,4047.095277739639,47554.08658039882,0.5065891340323374,1013.1782680646749,0.25255163065090086,505.1032613018017,0.12987312331183776,259.7462466236755,0.08269760330979083,165.39520661958164,0.9717114913048668,1943.4229826097335
2007,65 Years and Older,370585.4352441955,21904.04167529093,36848.931633372966,4047.095277739639,26842.11327134404,0.06337307692307693,0.077675,0.068,24791.70387098455,12359.493756594717,6355.793675079916,4047.095277739639,47554.08658039882,0.9236122215999866,1847.2244431999732,0.46045159081380527,920.9031816276105,0.23678439960482547,473.56879920965093,0.1507740928155689,301.54818563113776,1.7716223048341861,3543.2446096683725
2008,25 to 34 Years,334446.9836238161,23146.597605916297,36291.61805983029,4197.035871313222,41615.47457166168,0.060271698113207546,0.070225,0.068,21723.95749643651,13060.613782498795,6082.9764778518465,4197.035871313222,45064.58362810037,0.5220163345494941,1044.0326690989882,0.31384031822125374,627.6806364425075,0.14617102268957632,292.34204537915264,0.10085276966110149,201.70553932220298,1.0828804451214256,2165.760890242851
2008,35 to 44 Years,334446.9836238161,23146.597605916297,36291.61805983029,4197.035871313222,50545.69746139754,0.060271698113207546,0.070225,0.068,21723.95749643651,13060.613782498795,6082.9764778518465,4197.035871313222,45064.58362810037,0.42978846049215963,859.5769209843193,0.2583921963382416,516.7843926764832,0.12034607856578695,240.6921571315739,0.0830344832914524,166.06896658290478,0.8915612186876406,1783.1224373752812
2008,45 to 54 Years,334446.9836238161,23146.597605916297,36291.61805983029,4197.035871313222,51801.07047711311,0.060271698113207546,0.070225,0.068,21723.95749643651,13060.613782498795,6082.9764778518465,4197.035871313222,45064.58362810037,0.4193727522684043,838.7455045368087,0.2521301907895759,504.2603815791518,0.11742955158695888,234.85910317391776,0.08102218414902386,162.04436829804771,0.8699546787939629,1739.9093575879258
2008,55 to 64 Years,334446.9836238161,23146.597605916297,36291.61805983029,4197.035871313222,47069.7191011236,0.060271698113207546,0.070225,0.068,21723.95749643651,13060.613782498795,6082.9764778518465,4197.035871313222,45064.58362810037,0.46152723898277814,923.0544779655563,0.27747379911997444,554.9475982399489,0.12923332864560563,258.4666572912113,0.08916636749619002,178.33273499238004,0.9574007342445483,1914.8014684890966
2008,65 Years and Older,334446.9836238161,23146.597605916297,36291.61805983029,4197.035871313222,27096.55890410959,0.060271698113207546,0.070225,0.068,21723.95749643651,13060.613782498795,6082.9764778518465,4197.035871313222,45064.58362810037,0.8017238488958741,1603.4476977917482,0.4820026715834372,964.0053431668744,0.224492582227084,448.985164454168,0.15489184018405674,309.7836803681135,1.663110942890452,3326.221885780904
2009,25 to 34 Years,315316.2247460034,24339.065878910653,36678.28266338368,4330.03118634168,40447.46057640022,0.05036538461538461,0.067175,0.068,18579.936414273147,13733.47153147015,6075.353718239849,4330.03118634168,42718.792850324826,0.45935977560761715,918.7195512152343,0.3395385355658937,679.0770711317874,0.15020358835047906,300.40717670095813,0.1070532271899441,214.10645437988822,1.056155126713934,2112.310253427868
2009,35 to 44 Years,315316.2247460034,24339.065878910653,36678.28266338368,4330.03118634168,49666.62972972973,0.05036538461538461,0.067175,0.068,18579.936414273147,13733.47153147015,6075.353718239849,4330.03118634168,42718.792850324826,0.3740929576937141,748.1859153874282,0.2765130552687671,553.0261105375342,0.12232264905631858,244.64529811263716,0.08718190080350441,174.3638016070088,0.8601105628223042,1720.2211256446085
2009,45 to 54 Years,315316.2247460034,24339.065878910653,36678.28266338368,4330.03118634168,51702.69324258629,0.05036538461538461,0.067175,0.068,18579.936414273147,13733.47153147015,6075.353718239849,4330.03118634168,42718.792850324826,0.35936109415223444,718.7221883044689,0.2656239099002721,531.2478198005442,0.11750555604008116,235.01111208016232,0.0837486582376938,167.4973164753876,0.8262392183302816,1652.4784366605631
2009,55 to 64 Years,315316.2247460034,24339.065878910653,36678.28266338368,4330.03118634168,46587.85670916818,0.05036538461538461,0.067175,0.068,18579.936414273147,13733.47153147015,6075.353718239849,4330.03118634168,42718.792850324826,0.39881500731534486,797.6300146306897,0.29478650664707423,589.5730132941485,0.13040637941698355,260.8127588339671,0.09294334387118432,185.88668774236862,0.916951237250587,1833.902474501174
2009,65 Years and Older,315316.2247460034,24339.065878910653,36678.28266338368,4330.03118634168,28067.842401500937,0.05036538461538461,0.067175,0.068,18579.936414273147,13733.47153147015,6075.353718239849,4330.03118634168,42718.792850324826,0.6619652536341581,1323.9305072683162,0.48929559084084595,978.5911816816919,0.21645246653925088,432.90493307850176,0.15427018309430618,308.5403661886124,1.5219834941085613,3043.9669882171224
2010,25 to 34 Years,320370.2873045318,25413.23683615025,37322.49830088287,4477.763196924434,40078.5627753304,0.046898076923076924,0.06205,0.068,18223.397385398148,14339.579273426034,6059.119376694362,4477.763196924434,43099.85923244298,0.4546918882184871,909.3837764369742,0.3577867638071216,715.5735276142432,0.15118105433720636,302.3621086744127,0.11172464496857248,223.44928993714495,1.0753843513313877,2150.7687026627755
2010,35 to 44 Years,320370.2873045318,25413.23683615025,37322.49830088287,4477.763196924434,49881.71052631579,0.046898076923076924,0.06205,0.068,18223.397385398148,14339.579273426034,6059.119376694362,4477.763196924434,43099.85923244298,0.3653322468920576,730.6644937841153,0.2874716829500262,574.9433659000523,0.12146975941207527,242.93951882415055,0.08976763526507632,179.53527053015264,0.8640413245192353,1728.0826490384707
2010,45 to 54 Years,320370.2873045318,25413.23683615025,37322.49830088287,4477.763196924434,50807.44351669941,0.046898076923076924,0.06205,0.068,18223.397385398148,14339.579273426034,6059.119376694362,4477.763196924434,43099.85923244298,0.3586757396956703,717.3514793913406,0.28223382797666047,564.4676559533209,0.11925652930564885,238.5130586112977,0.08813203119445837,176.26406238891673,0.848298128172438,1696.5962563448759
2010,55 to 64 Years,320370.2873045318,25413.23683615025,37322.49830088287,4477.763196924434,46217.831187410586,0.046898076923076924,0.06205,0.068,18223.397385398148,14339.579273426034,6059.119376694362,4477.763196924434,43099.85923244298,0.39429365068004474,788.5873013600894,0.31026075661750296,620.521513235006,0.1310991714891378,262.1983429782756,0.09688388835831278,193.76777671662558,0.9325374671449983,1865.0749342899967
2010,65 Years and Older,320370.2873045318,25413.23683615025,37322.49830088287,4477.763196924434,27469.797244606187,0.046898076923076924,0.06205,0.068,18223.397385398148,14339.579273426034,6059.119376694362,4477.763196924434,43099.85923244298,0.6633975934779203,1326.7951869558406,0.5220125633159405,1044.025126631881,0.22057386600784235,441.1477320156847,0.16300678003015337,326.01356006030676,1.5689908028318564,3137.981605663713
2011,25 to 34 Years,313634.21347253147,26478.053072646188,38371.250257889165,4614.002698451384,39416.86746987952,0.044478846153846154,0.057325,0.068,17400.173803167436,14940.40855516257,6113.893902890731,4614.002698451384,43068.478959672124,0.44143979265891214,882.8795853178243,0.37903591822915184,758.0718364583037,0.1551085688775922,310.2171377551844,0.11705655458230373,234.11310916460747,1.0926408343479599,2185.28166869592
2011,35 to 44 Years,313634.21347253147,26478.053072646188,38371.250257889165,4614.002698451384,49454.48456449834,0.044478846153846154,0.057325,0.068,17400.173803167436,14940.40855516257,6113.893902890731,4614.002698451384,43068.478959672124,0.35184218289595554,703.6843657919111,0.3021042214215649,604.2084428431298,0.12362668333782782,247.25336667565566,0.09329796355341284,186.59592710682568,0.8708710512087612,1741.7421024175223
2011,45 to 54 Years,313634.21347253147,26478.053072646188,38371.250257889165,4614.002698451384,50213.18847777502,0.044478846153846154,0.057325,0.068,17400.173803167436,14940.40855516257,6113.893902890731,4614.002698451384,43068.478959672124,0.3465259691857443,693.0519383714886,0.2975395311089512,595.0790622179024,0.12175872690492093,243.51745380984187,0.09188826358823239,183.77652717646478,0.8577124907878488,1715.4249815756978
2011,55 to 64 Years,313634.21347253147,26478.053072646188,38371.250257889165,4614.002698451384,45297.76927437642,0.044478846153846154,0.057325,0.068,17400.173803167436,14940.40855516257,6113.893902890731,4614.002698451384,43068.478959672124,0.384128712779907,768.257425559814,0.32982658516064955,659.6531703212991,0.13497119175687922,269.94238351375844,0.10185938010553174,203.71876021106348,0.9507858698029675,1901.5717396059351
2011,65 Years and Older,313634.21347253147,26478.053072646188,38371.250257889165,4614.002698451384,28098.716417910447,0.044478846153846154,0.057325,0.068,17400.173803167436,14940.40855516257,6113.893902890731,4614.002698451384,43068.478959672124,0.6192515538566155,1238.503107713231,0.531711425282024,1063.4228505640478,0.21758623461510376,435.1724692302075,0.16420688510562587,328.41377021125174,1.5327560988593691,3065.512197718738
2012,25 to 34 Years,333918.04094693274,27532.3655685915,39006.42862162109,4783.259506986518,40017.78918918919,0.036575,0.049124999999999995,0.068,17038.59571561817,15535.31103500196,6013.816469925997,4783.259506986518,43370.982727532646,0.42577553785058037,851.5510757011607,0.38821012729006094,776.4202545801219,0.15027857839659542,300.5571567931908,0.11952832987282357,239.05665974564712,1.0837925734100604,2167.585146820121
2012,35 to 44 Years,333918.04094693274,27532.3655685915,39006.42862162109,4783.259506986518,50023.36101882614,0.036575,0.049124999999999995,0.068,17038.59571561817,15535.31103500196,6013.816469925997,4783.259506986518,43370.982727532646,0.34061277308427446,681.2255461685489,0.3105611202165183,621.1222404330366,0.12022016009005704,240.44032018011407,0.09562051428704188,191.24102857408377,0.8670145676778918,1734.0291353557834
2012,45 to 54 Years,333918.04094693274,27532.3655685915,39006.42862162109,4783.259506986518,50485.88382573861,0.036575,0.049124999999999995,0.068,17038.59571561817,15535.31103500196,6013.816469925997,4783.259506986518,43370.982727532646,0.33749227357156,674.9845471431199,0.30771593676808684,615.4318735361737,0.11911877170822244,238.23754341644488,0.0947444937974509,189.4889875949018,0.8590714758453202,1718.1429516906403
2012,55 to 64 Years,333918.04094693274,27532.3655685915,39006.42862162109,4783.259506986518,45323.42504211117,0.036575,0.049124999999999995,0.068,17038.59571561817,15535.31103500196,6013.816469925997,4783.259506986518,43370.982727532646,0.37593354208750035,751.8670841750007,0.3427656012441182,685.5312024882364,0.1326867169535048,265.3734339070096,0.10553614389341202,211.07228778682403,0.9569220041785355,1913.8440083570708
2012,65 Years and Older,333918.04094693274,27532.3655685915,39006.42862162109,4783.259506986518,28058.62604540024,0.036575,0.049124999999999995,0.068,17038.59571561817,15535.31103500196,6013.816469925997,4783.259506986518,43370.982727532646,0.607249823567586,1214.499647135172,0.5536732628983707,1107.3465257967414,0.21433039736854348,428.660794737087,0.17047376087649369,340.94752175298737,1.545727244710994,3091.454489421988
2013,25 to 34 Years,358485.8140358471,28538.50051378749,39425.95194126592,4900.950369806667,39743.661784287615,0.03975576923076922,0.04425,0.0386,18925.77567015107,13976.23795636667,5959.052802764876,4900.950369806667,43762.01679908929,0.47619607304612394,952.3921460922479,0.3516595434065434,703.3190868130868,0.1499371858362771,299.8743716725542,0.1233140115877351,246.6280231754702,1.1011068138766795,2202.213627753359
2013,35 to 44 Years,358485.8140358471,28538.50051378749,39425.95194126592,4900.950369806667,50253.4375,0.03975576923076922,0.04425,0.0386,18925.77567015107,13976.23795636667,5959.052802764876,4900.950369806667,43762.01679908929,0.37660658875626307,753.2131775125262,0.278115063399726,556.230126799452,0.1185800036617371,237.1600073234742,0.09752467917854708,195.04935835709418,0.8708263349962734,1741.6526699925469
2013,45 to 54 Years,358485.8140358471,28538.50051378749,39425.95194126592,4900.950369806667,51816.236668359576,0.03975576923076922,0.04425,0.0386,18925.77567015107,13976.23795636667,5959.052802764876,4900.950369806667,43762.01679908929,0.3652479779896418,730.4959559792836,0.2697269978485517,539.4539956971034,0.11500358161679539,230.00716323359077,0.0945832944444482,189.1665888888964,0.8445618518994372,1689.1237037988744
2013,55 to 64 Years,358485.8140358471,28538.50051378749,39425.95194126592,4900.950369806667,44845.46052631579,0.03975576923076922,0.04425,0.0386,18925.77567015107,13976.23795636667,5959.052802764876,4900.950369806667,43762.01679908929,0.42202210542681856,844.0442108536371,0.31165334890842,623.30669781684,0.13287973259340355,265.7594651868071,0.10928531700395268,218.57063400790537,0.9758405039325949,1951.68100786519
2013,65 Years and Older,358485.8140358471,28538.50051378749,39425.95194126592,4900.950369806667,28889.222170470424,0.03975576923076922,0.04425,0.0386,18925.77567015107,13976.23795636667,5959.052802764876,4900.950369806667,43762.01679908929,0.6551154461159688,1310.2308922319376,0.4837872710416102,967.5745420832203,0.20627252501301388,412.54505002602775,0.16964632487808035,339.2926497561607,1.5148215670486735,3029.6431340973472
2014,25 to 34 Years,378668.0658391163,29473.411009340467,39558.8742372243,5018.231026042613,40373.39785508763,0.041688679245283015,0.042374999999999996,0.0466,20404.14518083959,15016.698491343794,5933.352288747616,5018.231026042613,46372.426986973616,0.5053858794366592,1010.7717588733185,0.3719453721790591,743.8907443581182,0.14696192552443113,293.9238510488623,0.12429548397324809,248.5909679464962,1.1485886611133975,2297.1773222267952
2014,35 to 44 Years,378668.0658391163,29473.411009340467,39558.8742372243,5018.231026042613,50167.78846153846,0.041688679245283015,0.042374999999999996,0.0466,20404.14518083959,15016.698491343794,5933.352288747616,5018.231026042613,46372.426986973616,0.406718051693321,813.436103386642,0.29932948913736684,598.6589782747337,0.11827015841642029,236.54031683284057,0.10002894646013508,200.05789292027015,0.9243466457072432,1848.6932914144866
2014,45 to 54 Years,378668.0658391163,29473.411009340467,39558.8742372243,5018.231026042613,52241.97054342306,0.041688679245283015,0.042374999999999996,0.0466,20404.14518083959,15016.698491343794,5933.352288747616,5018.231026042613,46372.426986973616,0.3905699759904701,781.1399519809402,0.2874451008478336,574.8902016956672,0.1135744350189828,227.1488700379656,0.09605746057897079,192.11492115794158,0.8876469724362573,1775.2939448725147
2014,55 to 64 Years,378668.0658391163,29473.411009340467,39558.8742372243,5018.231026042613,44996.856838176485,0.041688679245283015,0.042374999999999996,0.0466,20404.14518083959,15016.698491343794,5933.352288747616,5018.231026042613,46372.426986973616,0.4534571215545036,906.9142431090072,0.3337277211461411,667.4554422922821,0.1318614833495127,263.7229666990254,0.11152403475846823,223.04806951693647,1.0305703608086256,2061.140721617251
2014,65 Years and Older,378668.0658391163,29473.411009340467,39558.8742372243,5018.231026042613,30334.611748818366,0.041688679245283015,0.042374999999999996,0.0466,20404.14518083959,15016.698491343794,5933.352288747616,5018.231026042613,46372.426986973616,0.6726357782256567,1345.2715564513132,0.4950351306846294,990.0702613692588,0.19559677697139932,391.19355394279864,0.16542921556390414,330.8584311278083,1.5286969014455896,3057.3938028911793
2015,25 to 34 Years,389303.5956281616,30537.83931310415,39791.49952357262,5150.29352937725,42742.9267670324,0.038505769230769225,0.041925,0.0429,20280.80166790521,15278.358927825086,5957.214141475211,5150.29352937725,46666.668266582754,0.47448322335165366,948.9664467033073,0.35744765469849105,714.895309396982,0.1393730984764948,278.7461969529896,0.12049463897146298,240.98927794292595,1.0917986154981023,2183.5972309962044
2015,35 to 44 Years,389303.5956281616,30537.83931310415,39791.49952357262,5150.29352937725,52724.354706684855,0.038505769230769225,0.041925,0.0429,20280.80166790521,15278.358927825086,5957.214141475211,5150.29352937725,46666.668266582754,0.384657181310819,769.314362621638,0.2897780164939214,579.5560329878427,0.11298790046111087,225.97580092222174,0.09768338670106569,195.36677340213137,0.8851064849669169,1770.2129699338338
2015,45 to 54 Years,389303.5956281616,30537.83931310415,39791.49952357262,5150.29352937725,53497.72854596384,0.038505769230769225,0.041925,0.0429,20280.80166790521,15278.358927825086,5957.214141475211,5150.29352937725,46666.668266582754,0.3790965003398318,758.1930006796636,0.28558892766257027,571.1778553251405,0.1113545248254219,222.70904965084378,0.09627125617029242,192.54251234058484,0.8723112089981163,1744.6224179962326
2015,55 to 64 Years,389303.5956281616,30537.83931310415,39791.49952357262,5150.29352937725,47834.00625978091,0.038505769230769225,0.041925,0.0429,20280.80166790521,15278.358927825086,5957.214141475211,5150.29352937725,46666.668266582754,0.4239829203885316,847.9658407770631,0.3194037071628519,638.8074143257038,0.12453931015358145,249.0786203071629,0.10767012700978058,215.34025401956117,0.9755960647147455,1951.192129429491
2015,65 Years and Older,389303.5956281616,30537.83931310415,39791.49952357262,5150.29352937725,31111.872414543872,0.038505769230769225,0.041925,0.0429,20280.80166790521,15278.358927825086,5957.214141475211,5150.29352937725,46666.668266582754,0.6518669592648669,1303.733918529734,0.4910780914839092,982.1561829678184,0.19147719758230916,382.95439516461835,0.16554109829049188,331.08219658098375,1.4999633466215772,2999.926693243154
2016,25 to 34 Years,398797.6967528053,31394.62015637985,39851.67289254665,5345.3068923130495,44000.94797398699,0.03654038461538461,0.043,0.0376,20341.567164823417,15298.26460226718,5992.626264435682,5345.3068923130495,46977.76492383933,0.46229838449956095,924.5967689991219,0.34768034114427243,695.3606822885448,0.13619311720234925,272.3862344046985,0.12148163024744721,242.96326049489443,1.0676534730936298,2135.3069461872597
2016,35 to 44 Years,398797.6967528053,31394.62015637985,39851.67289254665,5345.3068923130495,54189.173260572985,0.03654038461538461,0.043,0.0376,20341.567164823417,15298.26460226718,5992.626264435682,5345.3068923130495,46977.76492383933,0.37538065153733496,750.76130307467,0.2823121978389345,564.6243956778691,0.11058715060330701,221.17430120661402,0.0986416025690171,197.28320513803422,0.8669216025485936,1733.8432050971874
2016,45 to 54 Years,398797.6967528053,31394.62015637985,39851.67289254665,5345.3068923130495,53670.0025846472,0.03654038461538461,0.043,0.0376,20341.567164823417,15298.26460226718,5992.626264435682,5345.3068923130495,46977.76492383933,0.3790118536465715,758.0237072931429,0.2850431128289789,570.0862256579577,0.11165690284781034,223.3138056956207,0.09959580091099389,199.19160182198777,0.8753076702343546,1750.6153404687093
2016,55 to 64 Years,398797.6967528053,31394.62015637985,39851.67289254665,5345.3068923130495,48783.75812743823,0.03654038461538461,0.043,0.0376,20341.567164823417,15298.26460226718,5992.626264435682,5345.3068923130495,46977.76492383933,0.41697417225800776,833.9483445160155,0.3135934005392408,627.1868010784816,0.12284060298882864,245.68120597765727,0.10957144544603263,219.14289089206525,0.9629796212321098,1925.9592424642196
2016,65 Years and Older,398797.6967528053,31394.62015637985,39851.67289254665,5345.3068923130495,31155.052631578947,0.03654038461538461,0.043,0.0376,20341.567164823417,15298.26460226718,5992.626264435682,5345.3068923130495,46977.76492383933,0.652913907909919,1305.827815819838,0.49103639089220374,982.0727817844075,0.19234845581231727,384.69691162463454,0.1715711077597415,343.142215519483,1.5078698623741815,3015.739724748363
2017,25 to 34 Years,412619.508862171,32128.01622321199,39752.89391269152,5479.48479353625,44896.55437205846,0.039898076923076925,0.04605000000000001,0.0445,21816.64176481167,16201.300441095269,6052.803468946184,5479.48479353625,49550.230468389374,0.48593131633258113,971.8626326651622,0.36085843708260623,721.7168741652125,0.13481665917581348,269.63331835162694,0.1220468891248908,244.0937782497816,1.1036533017158918,2207.3066034317835
2017,35 to 44 Years,412619.508862171,32128.01622321199,39752.89391269152,5479.48479353625,55241.53846153846,0.039898076923076925,0.04605000000000001,0.0445,21816.64176481167,16201.300441095269,6052.803468946184,5479.48479353625,49550.230468389374,0.3949318279758149,789.8636559516298,0.2932811230877524,586.5622461755048,0.10956978457724174,219.1395691544835,0.09919138652069409,198.3827730413882,0.8969741221615032,1793.9482443230063
2017,45 to 54 Years,412619.508862171,32128.01622321199,39752.89391269152,5479.48479353625,56166.35373443984,0.039898076923076925,0.04605000000000001,0.0445,21816.64176481167,16201.300441095269,6052.803468946184,5479.48479353625,49550.230468389374,0.38842902047661737,776.8580409532348,0.28845206006600754,576.9041201320151,0.107765647340478,215.531294680956,0.09755813630779389,195.11627261558777,0.8822048641908968,1764.4097283817937
2017,55 to 64 Years,412619.508862171,32128.01622321199,39752.89391269152,5479.48479353625,48948.415892672856,0.039898076923076925,0.04605000000000001,0.0445,21816.64176481167,16201.300441095269,6052.803468946184,5479.48479353625,49550.230468389374,0.4457067990238562,891.4135980477124,0.33098722697419225,661.9744539483845,0.12365677945978706,247.31355891957412,0.11194406792552566,223.88813585105132,1.0122948733833612,2024.5897467667223
2017,65 Years and Older,412619.508862171,32128.01622321199,39752.89391269152,5479.48479353625,31768.213197969544,0.039898076923076925,0.04605000000000001,0.0445,21816.64176481167,16201.300441095269,6052.803468946184,5479.48479353625,49550.230468389374,0.6867443764890773,1373.4887529781545,0.5099846296086545,1019.9692592173091,0.19053018283486736,381.0603656697347,0.17248325423245617,344.96650846491235,1.5597424431650555,3119.484886330111
2018,25 to 34 Years,406341.53164224257,32864.57117086398,39562.07446883266,5587.69479270416,45614.8553212359,0.045446153846153844,0.050324999999999995,0.0505,22770.571493891934,17065.81155719287,6129.160202958833,5587.69479270416,51553.2380467478,0.4991920139510153,998.3840279020307,0.3741283719307977,748.2567438615954,0.13436763439881866,268.73526879763733,0.12249726001219653,244.99452002439307,1.1301852802928283,2260.3705605856567
2018,35 to 44 Years,406341.53164224257,32864.57117086398,39562.07446883266,5587.69479270416,56209.368505195846,0.045446153846153844,0.050324999999999995,0.0505,22770.571493891934,17065.81155719287,6129.160202958833,5587.69479270416,51553.2380467478,0.40510278089651697,810.2055617930339,0.3036115155005762,607.2230310011524,0.10904161291889038,218.08322583778076,0.09940860289486526,198.81720578973054,0.9171645122108489,1834.3290244216978
2018,45 to 54 Years,406341.53164224257,32864.57117086398,39562.07446883266,5587.69479270416,57704.23863938347,0.045446153846153844,0.050324999999999995,0.0505,22770.571493891934,17065.81155719287,6129.160202958833,5587.69479270416,51553.2380467478,0.3946082996813148,789.2165993626296,0.2957462390907512,591.4924781815024,0.10621681088736602,212.43362177473205,0.0968333509713882,193.6667019427764,0.8934047006308203,1786.8094012616407
2018,55 to 64 Years,406341.53164224257,32864.57117086398,39562.07446883266,5587.69479270416,49887.17604543108,0.045446153846153844,0.050324999999999995,0.0505,22770.571493891934,17065.81155719287,6129.160202958833,5587.69479270416,51553.2380467478,0.4564413803089457,912.8827606178914,0.34208814589247216,684.1762917849443,0.12286043606431342,245.72087212862684,0.11200663648741267,224.01327297482536,1.033396598753144,2066.793197506288
2018,65 Years and Older,406341.53164224257,32864.57117086398,39562.07446883266,5587.69479270416,32909.80757903004,0.045446153846153844,0.050324999999999995,0.0505,22770.571493891934,17065.81155719287,6129.160202958833,5587.69479270416,51553.2380467478,0.6919083753136626,1383.816750627325,0.518563091449587,1037.126182899174,0.18624114371499095,372.4822874299819,0.16978813319664043,339.5762663932809,1.566500743674881,3133.001487349762
2019,25 to 34 Years,392943.2213812168,33817.65539127399,39710.09644914033,5745.6041535282575,47217.79426070039,0.03935769230769231,0.053925,0.0453,20657.270091333412,17120.567222591868,6241.868029977395,5745.6041535282575,49765.309497430935,0.43748909526099067,874.9781905219813,0.3625871875349629,725.1743750699258,0.13219313031681645,264.3862606336329,0.12168302741558498,243.36605483116998,1.0539524405283551,2107.90488105671
2019,35 to 44 Years,392943.2213812168,33817.65539127399,39710.09644914033,5745.6041535282575,59101.90102120974,0.03935769230769231,0.053925,0.0453,20657.270091333412,17120.567222591868,6241.868029977395,5745.6041535282575,49765.309497430935,0.3495195540989484,699.0391081978968,0.2896787908133083,579.3575816266166,0.1056119671639224,211.2239343278448,0.09721521734920756,194.43043469841513,0.8420255294253867,1684.0510588507734
2019,45 to 54 Years,392943.2213812168,33817.65539127399,39710.09644914033,5745.6041535282575,61547.82151523322,0.03935769230769231,0.053925,0.0453,20657.270091333412,17120.567222591868,6241.868029977395,5745.6041535282575,49765.309497430935,0.33562958985023855,671.2591797004771,0.27816690828536456,556.3338165707291,0.10141493031451193,202.82986062902387,0.09335186871083988,186.70373742167976,0.808563297160955,1617.12659432191
2019,55 to 64 Years,392943.2213812168,33817.65539127399,39710.09644914033,5745.6041535282575,51731.25095153514,0.03935769230769231,0.053925,0.0453,20657.270091333412,17120.567222591868,6241.868029977395,5745.6041535282575,49765.309497430935,0.3993189747274109,798.6379494548218,0.33095212096516696,661.9042419303339,0.12065952234221325,241.3190446844265,0.11106640662741898,222.13281325483797,0.9619970246622102,1923.9940493244203
2019,65 Years and Older,392943.2213812168,33817.65539127399,39710.09644914033,5745.6041535282575,34857.952263686304,0.03935769230769231,0.053925,0.0453,20657.270091333412,17120.567222591868,6241.868029977395,5745.6041535282575,49765.309497430935,0.592612840108034,1185.225680216068,0.4911524088701971,982.3048177403942,0.17906582643639504,358.1316528727901,0.16482907860063284,329.6581572012657,1.427660154015259,2855.320308030518
2020,25 to 34 Years,397730.09790922207,34480.84302276188,39917.32271420259,5981.400889108546,47943.82818203943,0.03111698113207547,0.050875000000000004,0.0275,19120.311282670074,15963.212532255311,6197.944277241334,5981.400889108546,47262.868981275264,0.3988065202067628,797.6130404135257,0.33295656891736064,665.9131378347213,0.12927512283141354,258.5502456628271,0.12475851670412251,249.51703340824503,0.9857967286596595,1971.593457319319
2020,35 to 44 Years,397730.09790922207,34480.84302276188,39917.32271420259,5981.400889108546,58211.47874777297,0.03111698113207547,0.050875000000000004,0.0275,19120.311282670074,15963.212532255311,6197.944277241334,5981.400889108546,47262.868981275264,0.32846290274667816,656.9258054933563,0.2742279164805794,548.4558329611589,0.10647288834727382,212.94577669454765,0.10275294525716511,205.50589051433022,0.8119166528316965,1623.8333056633928
2020,45 to 54 Years,397730.09790922207,34480.84302276188,39917.32271420259,5981.400889108546,60834.40980548894,0.03111698113207547,0.050875000000000004,0.0275,19120.311282670074,15963.212532255311,6197.944277241334,5981.400889108546,47262.868981275264,0.31430092514754526,628.6018502950906,0.26240432977480765,524.8086595496153,0.10188221266645886,203.7644253329177,0.09832265831514418,196.64531663028836,0.7769101259039559,1553.8202518079117
2020,55 to 64 Years,397730.09790922207,34480.84302276188,39917.32271420259,5981.400889108546,50853.43781597573,0.03111698113207547,0.050875000000000004,0.0275,19120.311282670074,15963.212532255311,6197.944277241334,5981.400889108546,47262.868981275264,0.37598856840045103,751.977136800902,0.31390626116609227,627.8125223321846,0.12187856993405143,243.75713986810285,0.11762038410763007,235.24076821526012,0.9293937836082248,1858.7875672164496
2020,65 Years and Older,397730.09790922207,34480.84302276188,39917.32271420259,5981.400889108546,33585.47851002865,0.03111698113207547,0.050875000000000004,0.0275,19120.311282670074,15963.212532255311,6197.944277241334,5981.400889108546,47262.868981275264,0.5693029288524424,1138.6058577048848,0.47530103010110997,950.60206020222,0.1845423841554207,369.0847683108414,0.17809485392094368,356.18970784188735,1.4072411970299166,2814.482394059833
2021,25 to 34 Years,443380.9425836893,34967.49539888909,42253.987598834094,6055.236152922887,48803.99654406319,0.029576923076923077,0.050525,0.0373,20953.819323598847,17013.69915518955,6551.495071025975,6055.236152922887,50574.24970273726,0.42934638159562355,858.6927631912471,0.34861282599732496,697.2256519946499,0.13424095432657632,268.48190865315263,0.12407254695741679,248.14509391483358,1.0362727088769415,2072.5454177538827
2021,35 to 44 Years,443380.9425836893,34967.49539888909,42253.987598834094,6055.236152922887,59341.82503770739,0.029576923076923077,0.050525,0.0373,20953.819323598847,17013.69915518955,6551.495071025975,6055.236152922887,50574.24970273726,0.35310372254786954,706.2074450957391,0.2867067055045676,573.4134110091352,0.11040265557830382,220.80531115660764,0.10203993808878017,204.07987617756035,0.8522530217195211,1704.5060434390423
2021,45 to 54 Years,443380.9425836893,34967.49539888909,42253.987598834094,6055.236152922887,61301.90488984417,0.029576923076923077,0.050525,0.0373,20953.819323598847,17013.69915518955,6551.495071025975,6055.236152922887,50574.24970273726,0.3418135107098482,683.6270214196965,0.27753948569399506,555.0789713879901,0.10687261811518936,213.7452362303787,0.09877729189335605,197.5545837867121,0.8250029064123886,1650.0058128247772
2021,55 to 64 Years,443380.9425836893,34967.49539888909,42253.987598834094,6055.236152922887,50168.160449667856,0.029576923076923077,0.050525,0.0373,20953.819323598847,17013.69915518955,6551.495071025975,6055.236152922887,50574.24970273726,0.4176716693573239,835.3433387146479,0.3391334065808306,678.2668131616612,0.1305906976118625,261.181395223725,0.1206987878098085,241.397575619617,1.0080945613598253,2016.1891227196506
2021,65 Years and Older,443380.9425836893,34967.49539888909,42253.987598834094,6055.236152922887,33002.983588419695,0.029576923076923077,0.050525,0.0373,20953.819323598847,17013.69915518955,6551.495071025975,6055.236152922887,50574.24970273726,0.6349068188777715,1269.813637755543,0.5155200319876362,1031.0400639752725,0.1985122058275,397.024411655,0.18347541629683412,366.9508325936682,1.5324144729897418,3064.8289459794837
2022,25 to 34 Years,464067.3115577817,35914.11407376142,46645.89981814248,6300.65112813092,49384.41392839627,0.05344038461538461,0.0562,0.0499,28199.68263779289,18595.134700239236,7399.09275140479,6300.65112813092,60494.56121756783,0.5710239404416205,1142.047880883241,0.37653853151321787,753.0770630264358,0.1498264768745241,299.6529537490482,0.12758379875210013,255.16759750420027,1.2249727475814627,2449.9454951629255
2022,35 to 44 Years,464067.3115577817,35914.11407376142,46645.89981814248,6300.65112813092,57824.8873309965,0.05344038461538461,0.0562,0.0499,28199.68263779289,18595.134700239236,7399.09275140479,6300.65112813092,60494.56121756783,0.48767380170366037,975.3476034073208,0.3215766698134401,643.1533396268801,0.12795689006796515,255.9137801359303,0.10896088896922959,217.92177793845917,1.046168250554295,2092.3365011085903
2022,45 to 54 Years,464067.3115577817,35914.11407376142,46645.89981814248,6300.65112813092,60114.7671900379,0.05344038461538461,0.0562,0.0499,28199.68263779289,18595.134700239236,7399.09275140479,6300.65112813092,60494.56121756783,0.4690974274032635,938.194854806527,0.30932723471181944,618.6544694236388,0.12308278144061337,246.16556288122675,0.10481037227031051,209.62074454062102,1.0063178158260067,2012.6356316520132
2022,55 to 64 Years,464067.3115577817,35914.11407376142,46645.89981814248,6300.65112813092,49556.11023622047,0.05344038461538461,0.0562,0.0499,28199.68263779289,18595.134700239236,7399.09275140479,6300.65112813092,60494.56121756783,0.5690455224062722,1138.0910448125444,0.37523394414132377,750.4678882826476,0.14930737533949562,298.61475067899124,0.12714176108854053,254.28352217708107,1.2207286029756321,2441.4572059512643
2022,65 Years and Older,464067.3115577817,35914.11407376142,46645.89981814248,6300.65112813092,32505.85173218453,0.05344038461538461,0.0562,0.0499,28199.68263779289,18595.134700239236,7399.09275140479,6300.65112813092,60494.56121756783,0.8675263417224033,1735.0526834448065,0.5720549903889433,1144.1099807778864,0.22762340800560651,455.246816011213,0.19383128859511015,387.6625771902203,1.861036028712063,3722.0720574241263
2023,25 to 34 Years,439105.4623799953,37087.53300230306,48381.7550235684,6329.838239234608,48982.5257985258,0.06806730769230769,0.07965,0.055,30688.509790084554,19681.281000516756,8407.960341216649,6329.838239234608,65107.58937105257,0.6265195452825785,1253.039090565157,0.40180208512459137,803.6041702491827,0.17165224136869028,343.30448273738057,0.12922645649737224,258.4529129947445,1.3292003282732325,2658.400656546465
2023,35 to 44 Years,439105.4623799953,37087.53300230306,48381.7550235684,6329.838239234608,57942.54407443682,0.06806730769230769,0.07965,0.055,30688.509790084554,19681.281000516756,8407.960341216649,6329.838239234608,65107.58937105257,0.529636906357789,1059.273812715578,0.33966891366096874,679.3378273219375,0.14510858084545317,290.2171616909063,0.1092433606488331,218.48672129766618,1.123657761513044,2247.315523026088
2023,45 to 54 Years,439105.4623799953,37087.53300230306,48381.7550235684,6329.838239234608,61039.983896940415,0.06806730769230769,0.07965,0.055,30688.509790084554,19681.281000516756,8407.960341216649,6329.838239234608,65107.58937105257,0.5027607779500544,1005.5215559001088,0.3224326047291645,644.865209458329,0.13774512711885056,275.49025423770115,0.10369986744953724,207.39973489907447,1.0666383772476067,2133.2767544952135
2023,55 to 64 Years,439105.4623799953,37087.53300230306,48381.7550235684,6329.838239234608,52324.41787122208,0.06806730769230769,0.07965,0.055,30688.509790084554,19681.281000516756,8407.960341216649,6329.838239234608,65107.58937105257,0.5865045620882662,1173.0091241765324,0.3761395119379105,752.279023875821,0.1606890374186264,321.37807483725277,0.12097293188838242,241.94586377676484,1.2443060433331856,2488.6120866663714
2023,65 Years and Older,439105.4623799953,37087.53300230306,48381.7550235684,6329.838239234608,34296.02523659306,0.06806730769230769,0.07965,0.055,30688.509790084554,19681.281000516756,8407.960341216649,6329.838239234608,65107.58937105257,0.8948124331720118,1789.6248663440235,0.5738647806777705,1147.729561355541,0.24515844863111286,490.3168972622257,0.1845647766925719,369.1295533851438,1.898400439173467,3796.800878346934
2024,25 to 34 Years,418975.0,38270.0,48108.0,6500.0,50610.41936256889,0.06721153846153846,0.084925,0.0653,29051.49899220788,21324.051037632365,8528.620325748772,6500.0,65404.17035558902,0.5740220958076898,1148.0441916153795,0.42133717337666404,842.6743467533281,0.16851510880892798,337.03021761785595,0.1284320517764244,256.8641035528488,1.2923064297697062,2584.6128595394125
2024,35 to 44 Years,418975.0,38270.0,48108.0,6500.0,61176.77804295943,0.06721153846153846,0.084925,0.0653,29051.49899220788,21324.051037632365,8528.620325748772,6500.0,65404.17035558902,0.4748778853931699,949.7557707863398,0.3485644671031586,697.1289342063171,0.13940943930979532,278.81887861959063,0.10624946602182259,212.49893204364517,1.0691012578279464,2138.202515655893
2024,45 to 54 Years,418975.0,38270.0,48108.0,6500.0,63087.23364485981,0.06721153846153846,0.084925,0.0653,29051.49899220788,21324.051037632365,8528.620325748772,6500.0,65404.17035558902,0.4604972720114654,920.9945440229308,0.33800897274515057,676.0179454903011,0.13518773661497618,270.3754732299524,0.10303193886406214,206.06387772812428,1.0367259202356545,2073.451840471309
2024,55 to 64 Years,418975.0,38270.0,48108.0,6500.0,53027.74855339295,0.06721153846153846,0.084925,0.0653,29051.49899220788,21324.051037632365,8528.620325748772,6500.0,65404.17035558902,0.5478546569435492,1095.7093138870985,0.4021300473687178,804.2600947374357,0.1608331592121324,321.6663184242648,0.12257733313823864,245.1546662764773,1.233395196662638,2466.790393325276
2024,65 Years and Older,418975.0,38270.0,48108.0,6500.0,34549.60013497554,0.06721153846153846,0.084925,0.0653,29051.49899220788,21324.051037632365,8528.620325748772,6500.0,65404.17035558902,0.8408635376013578,1681.7270752027157,0.6172010950727451,1234.4021901454903,0.24685149154924685,493.7029830984937,0.18813531776363066,376.27063552726133,1.8930514419869806,3786.102883973961
