year,age_group,wage_annual_2024d,hourly_2024d,house_price_2024d,tuition_2024d,auto_2024d,health_2024d,alloc_weight_housing,alloc_weight_education,alloc_weight_transport,alloc_weight_health,alloc_housing_2024d,alloc_education_2024d,alloc_transport_2024d,alloc_health_2024d,time_years_housing,time_years_education,time_years_transport,time_years_health,time_hours_housing,time_hours_education,time_hours_transport,time_hours_health,time_years_total,time_hours_total
1947,25 to 34 Years,24249.540382571733,12.124770191285867,0.0,0.0,9351.888085942444,156.10906307515566,0.19296602978611346,0.1702485292352023,0.1823906539393076,0.12325986078886311,0.0,0.0,1705.696983562262,19.241981382523537,0.0,0.0,0.07033935310329242,0.0007934988077692741,0.0,0.0,140.67870620658485,1.5869976155385481,0.0711328519110617,142.26570382212338
1947,35 to 44 Years,27771.69179229481,13.885845896147405,0.0,0.0,9351.888085942444,156.10906307515566,0.22214500980191357,0.17349021491175412,0.22198318848838866,0.19170533642691415,0.0,0.0,2075.961935704078,29.926940456113076,0.0,0.0,0.0747510072929748,0.001077605955011219,0.0,0.0,149.5020145859496,2.155211910022438,0.07582861324798602,151.65722649597205
1947,45 to 54 Years,26363.927004737678,13.18196350236884,0.0,0.0,9351.888085942444,156.10906307515566,0.22491002721128245,0.3819185976707888,0.24482119960108278,0.21745295179169888,0.0,0.0,2289.540459735503,33.9463765671291,0.0,0.0,0.08684368073557729,0.0012876069851440884,0.0,0.0,173.68736147115456,2.5752139702881767,0.08813128772072137,176.26257544144275
1947,55 to 64 Years,22891.688483247268,11.445844241623634,0.0,0.0,9351.888085942444,156.10906307515566,0.1976402258829037,0.22283587465482052,0.21491665479413022,0.21626063418406805,0.0,0.0,2009.8765034398316,33.760244982513846,0.0,0.0,0.08779939954672682,0.0014747817753688406,0.0,0.0,175.59879909345364,2.949563550737681,0.08927418132209566,178.54836264419131
1947,65 Years and Older,9268.221090909092,4.634110545454546,0.0,0.0,9351.888085942444,156.10906307515566,0.16233870731778682,0.05150678352743426,0.13588830317709075,0.25132121680845576,0.0,0.0,1270.8122035007698,39.23351968687609,0.0,0.0,0.13711500740387708,0.004233122980348303,0.0,0.0,274.2300148077542,8.466245960696606,0.1413481303842254,282.69626076845077
1948,25 to 34 Years,24565.219929933828,12.282609964966914,0.0,0.0,10182.145356730278,165.90790888048852,0.19296602978611346,0.1702485292352023,0.1823906539393076,0.12325986078886311,0.0,0.0,1857.1281501191197,20.4497857523804,0.0,0.0,0.07559989918332159,0.0008324690684922961,0.0,0.0,151.1997983666432,1.6649381369845921,0.07643236825181389,152.86473650362777
1948,35 to 44 Years,26839.303116147308,13.419651558073655,0.0,0.0,10182.145356730278,165.90790888048852,0.22214500980191357,0.17349021491175412,0.22198318848838866,0.19170533642691415,0.0,0.0,2260.2650919392286,31.80543148781987,0.0,0.0,0.08421474589552168,0.0011850319417826014,0.0,0.0,168.42949179104335,2.370063883565203,0.08539977783730428,170.79955567460854
1948,45 to 54 Years,25356.857538275235,12.678428769137618,0.0,0.0,10182.145356730278,165.90790888048852,0.22491002721128245,0.3819185976707888,0.24482119960108278,0.21745295179169888,0.0,0.0,2492.8050407473015,36.07716451165044,0.0,0.0,0.09830891059684761,0.0014227774264690843,0.0,0.0,196.61782119369522,2.8455548529381685,0.0997316880233167,199.46337604663339
1948,55 to 64 Years,20995.11261623235,10.497556308116174,0.0,0.0,10182.145356730278,165.90790888048852,0.1976402258829037,0.22283587465482052,0.21491665479413022,0.21626063418406805,0.0,0.0,2188.312618696057,35.879349590647024,0.0,0.0,0.10422962042147683,0.0017089381822561383,0.0,0.0,208.45924084295368,3.4178763645122765,0.10593855860373297,211.87711720746594
1948,65 Years and Older,8954.574365821094,4.477287182910547,0.0,0.0,10182.145356730278,165.90790888048852,0.16233870731778682,0.05150678352743426,0.13588830317709075,0.25132121680845576,0.0,0.0,1383.634455228571,41.69617753799078,0.0,0.0,0.15451705449114309,0.004656410883932329,0.0,0.0,309.03410898228617,9.312821767864659,0.1591734653750754,318.3469307501508
1949,25 to 34 Years,24967.088615499903,12.483544307749952,0.0,0.0,11094.887470381394,170.99946601463208,0.19296602978611346,0.1702485292352023,0.1823906539393076,0.12325986078886311,0.0,0.0,2023.6037811058927,21.07737037593348,0.0,0.0,0.0810508510731849,0.0008442061747979845,0.0,0.0,162.1017021463698,1.6884123495959689,0.08189505724798288,163.79011449596575
1949,35 to 44 Years,26390.678383128296,13.195339191564148,0.0,0.0,11094.887470381394,170.99946601463208,0.22214500980191357,0.17349021491175412,0.22198318848838866,0.19170533642691415,0.0,0.0,2462.878496595135,32.78151016115771,0.0,0.0,0.09332380399018718,0.0012421624668093076,0.0,0.0,186.64760798037435,2.4843249336186153,0.09456596645699648,189.13193291399296
1949,45 to 54 Years,24447.183687113487,12.223591843556743,0.0,0.0,11094.887470381394,170.99946601463208,0.22491002721128245,0.3819185976707888,0.24482119960108278,0.21745295179169888,0.0,0.0,2716.2636599377956,37.18433863968604,0.0,0.0,0.11110742630733302,0.001521007045866249,0.0,0.0,222.21485261466603,3.042014091732498,0.11262843335319926,225.2568667063985
1949,55 to 64 Years,21198.897637795275,10.599448818897638,0.0,0.0,11094.887470381394,170.99946601463208,0.1976402258829037,0.22283587465482052,0.21491665479413022,0.21626063418406805,0.0,0.0,2384.476100451679,36.980452965461325,0.0,0.0,0.11248113657572568,0.0017444516973151138,0.0,0.0,224.96227315145137,3.4889033946302277,0.1142255882730408,228.4511765460816
1949,65 Years and Older,8784.482515691047,4.392241257845523,0.0,0.0,11094.887470381394,170.99946601463208,0.16233870731778682,0.05150678352743426,0.13588830317709075,0.25132121680845576,0.0,0.0,1507.6654322908923,42.97579387239351,0.0,0.0,0.17162825807870474,0.004892239673268078,0.0,0.0,343.25651615740946,9.784479346536155,0.17652049775197282,353.0409955039456
1950,25 to 34 Years,26041.08014812025,13.020540074060126,0.0,0.0,11148.975891931092,174.0736137182659,0.19296602978611346,0.1702485292352023,0.1823906539393076,0.12325986078886311,0.0,0.0,2033.469003682887,21.456289393927786,0.0,0.0,0.07808696844050345,0.0008239400697622977,0.0,0.0,156.17393688100688,1.6478801395245954,0.07891090851026575,157.82181702053148
1950,35 to 44 Years,28216.455317371936,14.108227658685967,0.0,0.0,11148.975891931092,174.0736137182659,0.22214500980191357,0.17349021491175412,0.22198318848838866,0.19170533642691415,0.0,0.0,2474.8852168710405,33.37084068090886,0.0,0.0,0.08771070600591477,0.001182673029108782,0.0,0.0,175.42141201182955,2.365346058217564,0.08889337903502355,177.78675807004709
1950,45 to 54 Years,26706.090115092644,13.353045057546321,0.0,0.0,11148.975891931092,174.0736137182659,0.22491002721128245,0.3819185976707888,0.24482119960108278,0.21745295179169888,0.0,0.0,2729.5056521861216,37.85282113208489,0.0,0.0,0.10220536366136099,0.0014173853592552958,0.0,0.0,204.41072732272198,2.8347707185105917,0.10362274902061629,207.24549804123257
1950,55 to 64 Years,21509.091597274797,10.754545798637398,0.0,0.0,11148.975891931092,174.0736137182659,0.1976402258829037,0.22283587465482052,0.21491665479413022,0.21626063418406805,0.0,0.0,2396.1006030742346,37.64527009742467,0.0,0.0,0.11139943275790506,0.0017502026957844342,0.0,0.0,222.79886551581012,3.500405391568868,0.1131496354536895,226.299270907379
1950,65 Years and Older,8533.754824614638,4.266877412307319,0.0,0.0,11148.975891931092,174.0736137182659,0.16233870731778682,0.05150678352743426,0.13588830317709075,0.25132121680845576,0.0,0.0,1515.015416116808,43.74839241391968,0.0,0.0,0.17753210014270854,0.005126511519610624,0.0,0.0,355.0642002854171,10.253023039221247,0.18265861166231917,365.31722332463835
1951,25 to 34 Years,27228.888543930458,13.61444427196523,0.0,0.0,11743.948528977748,182.4314527875204,0.19296602978611346,0.1702485292352023,0.1823906539393076,0.12325986078886311,0.0,0.0,2141.9864520298206,22.48647547409982,0.0,0.0,0.07866595247081015,0.0008258315589275949,0.0,0.0,157.3319049416203,1.65166311785519,0.07949178402973775,158.9835680594755
1951,35 to 44 Years,29196.177720801566,14.598088860400782,0.0,0.0,11743.948528977748,182.4314527875204,0.22214500980191357,0.17349021491175412,0.22198318848838866,0.19170533642691415,0.0,0.0,2606.9591399060023,34.973083031482304,0.0,0.0,0.08929111080347368,0.001197865123507754,0.0,0.0,178.58222160694737,2.395730247015508,0.09048897592698144,180.97795185396288
1951,45 to 54 Years,26155.81774580336,13.07790887290168,0.0,0.0,11743.948528977748,182.4314527875204,0.22491002721128245,0.3819185976707888,0.24482119960108278,0.21745295179169888,0.0,0.0,2875.167566917704,39.67025790829427,0.0,0.0,0.10992459095946322,0.0015166896441102197,0.0,0.0,219.84918191892643,3.0333792882204396,0.11144128060357344,222.8825612071469
1951,55 to 64 Years,22571.63533136805,11.285817665684025,0.0,0.0,11743.948528977748,182.4314527875204,0.1976402258829037,0.22283587465482052,0.21491665479413022,0.21626063418406805,0.0,0.0,2523.970131922344,39.45274167495003,0.0,0.0,0.11182043723764912,0.0017478902656256423,0.0,0.0,223.64087447529823,3.4957805312512846,0.11356832750327477,227.13665500654952
1951,65 Years and Older,8009.855752316173,4.004927876158086,0.0,0.0,11743.948528977748,182.4314527875204,0.16233870731778682,0.05150678352743426,0.13588830317709075,0.25132121680845576,0.0,0.0,1595.865238201877,45.84889469869398,0.0,0.0,0.19923770009720937,0.005724059972670054,0.0,0.0,398.47540019441874,11.448119945340109,0.20496176006987943,409.92352013975886
1952,25 to 34 Years,27959.44427610448,13.97972213805224,0.0,0.0,12704.018011484852,192.61456705580747,0.19296602978611346,0.1702485292352023,0.1823906539393076,0.12325986078886311,0.0,0.0,2317.094152771464,23.74164472120597,0.0,0.0,0.08287339797922116,0.0008491458015671917,0.0,0.0,165.74679595844233,1.6982916031343833,0.08372254378078836,167.4450875615767
1952,35 to 44 Years,29263.75763747454,14.63187881873727,0.0,0.0,12704.018011484852,192.61456705580747,0.22214500980191357,0.17349021491175412,0.22198318848838866,0.19170533642691415,0.0,0.0,2820.0784248033265,36.92524037815799,0.0,0.0,0.09636761142362642,0.0012618078934221461,0.0,0.0,192.73522284725283,2.5236157868442923,0.09762941931704856,195.25883863409712
1952,45 to 54 Years,27799.868339046432,13.899934169523217,0.0,0.0,12704.018011484852,192.61456705580747,0.22491002721128245,0.3819185976707888,0.24482119960108278,0.21745295179169888,0.0,0.0,3110.212929325484,41.88460616436545,0.0,0.0,0.11187869278348415,0.0015066476450011181,0.0,0.0,223.7573855669683,3.0132952900022363,0.11338534042848528,226.77068085697056
1952,55 to 64 Years,23560.672885441774,11.780336442720888,0.0,0.0,12704.018011484852,192.61456705580747,0.1976402258829037,0.22283587465482052,0.21491665479413022,0.21626063418406805,0.0,0.0,2730.3050534727026,41.65494842457862,0.0,0.0,0.11588400156261106,0.0017679863655471982,0.0,0.0,231.76800312522212,3.5359727310943962,0.11765198792815826,235.30397585631653
1952,65 Years and Older,9657.088487351575,4.828544243675788,0.0,0.0,12704.018011484852,192.61456705580747,0.16233870731778682,0.05150678352743426,0.13588830317709075,0.25132121680845576,0.0,0.0,1726.327451111875,48.40812736749943,0.0,0.0,0.17876272474596686,0.005012704132399972,0.0,0.0,357.5254494919337,10.025408264799944,0.18377542887836681,367.55085775673365
1953,25 to 34 Years,29310.224062347785,14.655112031173893,0.0,0.0,12778.389591115683,199.3392651575065,0.19296602978611346,0.1702485292352023,0.1823906539393076,0.12325986078886311,0.0,0.0,2330.658833814831,24.57053007306852,0.0,0.0,0.0795169231343004,0.0008382921270339955,0.0,0.0,159.0338462686008,1.6765842540679912,0.08035521526133439,160.7104305226688
1953,35 to 44 Years,30704.28001496073,15.352140007480363,0.0,0.0,12778.389591115683,199.3392651575065,0.22214500980191357,0.17349021491175412,0.22198318848838866,0.19170533642691415,0.0,0.0,2836.5876651826966,38.21440089011363,0.0,0.0,0.09238411269701041,0.001244595244424998,0.0,0.0,184.76822539402082,2.4891904888499963,0.09362870794143541,187.25741588287082
1953,45 to 54 Years,30260.41039040885,15.130205195204425,0.0,0.0,12778.389591115683,199.3392651575065,0.22491002721128245,0.3819185976707888,0.24482119960108278,0.21745295179169888,0.0,0.0,3128.4206686669313,43.346911616487944,0.0,0.0,0.10338328622464736,0.001432462780816314,0.0,0.0,206.76657244929473,2.864925561632628,0.10481574900546367,209.63149801092734
1953,55 to 64 Years,25153.737185461323,12.576868592730662,0.0,0.0,12778.389591115683,199.3392651575065,0.1976402258829037,0.22283587465482052,0.21491665479413022,0.21626063418406805,0.0,0.0,2746.288744578716,43.10923590074845,0.0,0.0,0.10918014783767602,0.00171383025841843,0.0,0.0,218.36029567535203,3.42766051683686,0.11089397809609444,221.7879561921889
1953,65 Years and Older,9081.347826086956,4.540673913043478,0.0,0.0,12778.389591115683,199.3392651575065,0.16233870731778682,0.05150678352743426,0.13588830317709075,0.25132121680845576,0.0,0.0,1736.4336788725086,50.098186677087945,0.0,0.0,0.19120880645981347,0.005516602561260409,0.0,0.0,382.41761291962695,11.033205122520817,0.19672540902107388,393.4508180421478
1954,25 to 34 Years,28729.16476466597,14.364582382332985,0.0,0.0,12577.81169453556,205.48756056477413,0.19296602978611346,0.1702485292352023,0.1823906539393076,0.12325986078886311,0.0,0.0,2294.075300091811,25.328368109057138,0.0,0.0,0.07985179238184108,0.0008816256343173793,0.0,0.0,159.70358476368216,1.7632512686347586,0.08073341801615845,161.4668360323169
1954,35 to 44 Years,30854.79400749064,15.42739700374532,0.0,0.0,12577.81169453556,205.48756056477413,0.22214500980191357,0.17349021491175412,0.22198318848838866,0.19170533642691415,0.0,0.0,2792.062744159546,39.39306192961592,0.0,0.0,0.09049040299804675,0.001276724191386675,0.0,0.0,180.9808059960935,2.5534483827733503,0.09176712718943343,183.53425437886688
1954,45 to 54 Years,29424.977695167287,14.712488847583643,0.0,0.0,12577.81169453556,205.48756056477413,0.22491002721128245,0.3819185976707888,0.24482119960108278,0.21745295179169888,0.0,0.0,3079.3149474127235,44.68387660128563,0.0,0.0,0.10464969521178144,0.001518569599752813,0.0,0.0,209.29939042356287,3.037139199505626,0.10616826481153425,212.33652962306851
1954,55 to 64 Years,24341.5488936474,12.1707744468237,0.0,0.0,12577.81169453556,205.48756056477413,0.1976402258829037,0.22283587465482052,0.21491665479413022,0.21626063418406805,0.0,0.0,2703.1812140200727,44.438870164675144,0.0,0.0,0.11105214486681834,0.0018256385556579228,0.0,0.0,222.10428973363668,3.6512771113158453,0.11287778342247627,225.75556684495254
1954,65 Years and Older,9696.31896053898,4.84815948026949,0.0,0.0,12577.81169453556,205.48756056477413,0.16233870731778682,0.05150678352743426,0.13588830317709075,0.25132121680845576,0.0,0.0,1709.1774888514055,51.64338376014028,0.0,0.0,0.17627075757379987,0.005326081368642357,0.0,0.0,352.54151514759974,10.652162737284714,0.18159683894244222,363.19367788488444
1955,25 to 34 Years,30247.359097251712,15.123679548625857,0.0,0.0,12136.089585213043,210.3869834674406,0.19296602978611346,0.1702485292352023,0.1823906539393076,0.12325986078886311,0.0,0.0,2213.5093157130273,25.93227029398557,0.0,0.0,0.07318025050041964,0.000857339981669401,0.0,0.0,146.36050100083926,1.714679963338802,0.07403759048208904,148.07518096417806
1955,35 to 44 Years,32246.857177674872,16.123428588837434,0.0,0.0,12136.089585213043,210.3869834674406,0.22214500980191357,0.17349021491175412,0.22198318848838866,0.19170533642691415,0.0,0.0,2694.0078619063174,40.332307445469326,0.0,0.0,0.08354326894750636,0.0012507360709059167,0.0,0.0,167.0865378950127,2.5014721418118335,0.08479400501841228,169.58801003682456
1955,45 to 54 Years,31626.04851944345,15.813024259721725,0.0,0.0,12136.089585213043,210.3869834674406,0.22491002721128245,0.3819185976707888,0.24482119960108278,0.21745295179169888,0.0,0.0,2971.1720107180645,45.749270573546305,0.0,0.0,0.09394698831538853,0.0014465692906725292,0.0,0.0,187.89397663077705,2.8931385813450583,0.09539355760606105,190.7871152121221
1955,55 to 64 Years,25769.77347851449,12.884886739257245,0.0,0.0,12136.089585213043,210.3869834674406,0.1976402258829037,0.22283587465482052,0.21491665479413022,0.21626063418406805,0.0,0.0,2608.247775935871,45.498422468741744,0.0,0.0,0.10121345374302547,0.0017655732405516093,0.0,0.0,202.42690748605094,3.5311464811032187,0.10297902698357708,205.95805396715417
1955,65 Years and Older,10090.709013031988,5.045354506515994,0.0,0.0,12136.089585213043,210.3869834674406,0.16233870731778682,0.05150678352743426,0.13588830317709075,0.25132121680845576,0.0,0.0,1649.1526209397634,52.87471268569763,0.0,0.0,0.16343277948159138,0.005239940287388209,0.0,0.0,326.86555896318276,10.479880574776418,0.16867271976897957,337.3454395379591
1956,25 to 34 Years,31383.336349924582,15.691668174962292,0.0,0.0,12478.64958836112,217.88021849504807,0.19296602978611346,0.1702485292352023,0.1823906539393076,0.12325986078886311,0.0,0.0,2275.989058700656,26.855885400346704,0.0,0.0,0.07252221476146929,0.0008557371052237166,0.0,0.0,145.04442952293857,1.7114742104474332,0.073377951866693,146.75590373338602
1956,35 to 44 Years,33973.36977953038,16.98668488976519,0.0,0.0,12478.64958836112,217.88021849504807,0.22214500980191357,0.17349021491175412,0.22198318848838866,0.19170533642691415,0.0,0.0,2770.0504236537204,41.768800587362755,0.0,0.0,0.08153593363360528,0.0012294570970857671,0.0,0.0,163.07186726721056,2.4589141941715345,0.08276539073069106,165.5307814613821
1956,45 to 54 Years,32049.579471572837,16.024789735786417,0.0,0.0,12478.64958836112,217.88021849504807,0.22491002721128245,0.3819185976707888,0.24482119960108278,0.21745295179169888,0.0,0.0,3055.0379616241275,47.3786966487685,0.0,0.0,0.09532224796689981,0.0014782938631314087,0.0,0.0,190.64449593379962,2.9565877262628173,0.09680054183003121,193.60108366006241
1956,55 to 64 Years,26344.19870288561,13.172099351442805,0.0,0.0,12478.64958836112,217.88021849504807,0.1976402258829037,0.22283587465482052,0.21491665479413022,0.21626063418406805,0.0,0.0,2681.869625878722,47.11891422790241,0.0,0.0,0.1018011462836774,0.0017885878693566506,0.0,0.0,203.6022925673548,3.577175738713301,0.10358973415303405,207.1794683060681
1956,65 Years and Older,10371.234616369378,5.185617308184689,0.0,0.0,12478.64958836112,217.88021849504807,0.16233870731778682,0.05150678352743426,0.13588830317709075,0.25132121680845576,0.0,0.0,1695.7025185038947,54.75792163066769,0.0,0.0,0.16350054561753838,0.005279788150220885,0.0,0.0,327.0010912350768,10.559576300441769,0.16878033376775925,337.5606675355185
1957,25 to 34 Years,31928.872593950506,15.964436296975252,0.0,0.0,13127.710646957472,226.8144602587339,0.19296602978611346,0.1702485292352023,0.1823906539393076,0.12325986078886311,0.0,0.0,2394.371729624584,27.957118796392667,0.0,0.0,0.07499080096170513,0.0008756061998158257,0.0,0.0,149.98160192341027,1.7512123996316513,0.07586640716152096,151.7328143230419
1957,35 to 44 Years,33977.640317367026,16.988820158683513,0.0,0.0,13127.710646957472,226.8144602587339,0.22214500980191357,0.17349021491175412,0.22198318848838866,0.19170533642691415,0.0,0.0,2914.1310669645873,43.48154241038953,0.0,0.0,0.08576614031301887,0.0012797104803115114,0.0,0.0,171.53228062603773,2.5594209606230227,0.08704585079333038,174.09170158666078
1957,45 to 54 Years,32240.66657680124,16.12033328840062,0.0,0.0,13127.710646957472,226.8144602587339,0.22491002721128245,0.3819185976707888,0.24482119960108278,0.21745295179169888,0.0,0.0,3213.941868604035,49.32147389230266,0.0,0.0,0.09968596216669495,0.001529790762074129,0.0,0.0,199.3719243333899,3.059581524148258,0.10121575292876908,202.43150585753816
1957,55 to 64 Years,25877.218458157848,12.938609229078924,0.0,0.0,13127.710646957472,226.8144602587339,0.1976402258829037,0.22283587465482052,0.21491665479413022,0.21626063418406805,0.0,0.0,2821.363657349387,49.051039017670895,0.0,0.0,0.1090288611162513,0.0018955298111728639,0.0,0.0,218.0577222325026,3.7910596223457276,0.11092439092742416,221.8487818548483
1957,65 Years and Older,10038.570002495631,5.019285001247816,0.0,0.0,13127.710646957472,226.8144602587339,0.16233870731778682,0.05150678352743426,0.13588830317709075,0.25132121680845576,0.0,0.0,1783.902324414879,57.00328614197814,0.0,0.0,0.17770482488754807,0.00567842692014967,0.0,0.0,355.40964977509617,11.35685384029934,0.18338325180769774,366.7665036153955
1958,25 to 34 Years,31644.951926059177,15.82247596302959,0.0,0.0,13551.403282430088,237.862178568668,0.19296602978611346,0.1702485292352023,0.1823906539393076,0.12325986078886311,0.0,0.0,2471.6493064777032,29.31885901730972,0.0,0.0,0.07810564263939787,0.0009264940293104395,0.0,0.0,156.21128527879574,1.8529880586208791,0.07903213666870831,158.06427333741664
1958,35 to 44 Years,34284.33215301562,17.14216607650781,0.0,0.0,13551.403282430088,237.862178568668,0.22214500980191357,0.17349021491175412,0.22198318848838866,0.19170533642691415,0.0,0.0,3008.183709125847,45.59944896574523,0.0,0.0,0.08774222859876389,0.0013300375449120233,0.0,0.0,175.48445719752777,2.660075089824047,0.08907226614367592,178.14453228735184
1958,45 to 54 Years,31487.88182831661,15.743940914158305,0.0,0.0,13551.403282430088,237.862178568668,0.22491002721128245,0.3819185976707888,0.24482119960108278,0.21745295179169888,0.0,0.0,3317.670807882585,51.72383284936104,0.0,0.0,0.1053634165032673,0.0016426583766852973,0.0,0.0,210.7268330065346,3.2853167533705947,0.1070060748799526,214.0121497599052
1958,55 to 64 Years,26629.482308454128,13.314741154227065,0.0,0.0,13551.403282430088,237.862178568668,0.1976402258829037,0.22283587465482052,0.21491665479413022,0.21626063418406805,0.0,0.0,2912.4222612260705,51.44022558566418,0.0,0.0,0.10936833947768698,0.0019317020507504694,0.0,0.0,218.73667895537397,3.863404101500939,0.11130004152843745,222.6000830568749
1958,65 Years and Older,10216.338655327345,5.108169327663672,0.0,0.0,13551.403282430088,237.862178568668,0.16233870731778682,0.05150678352743426,0.13588830317709075,0.25132121680845576,0.0,0.0,1841.4771977178825,59.77981215058783,0.0,0.0,0.18024825329744115,0.005851392966443555,0.0,0.0,360.4965065948823,11.70278593288711,0.1860996462638847,372.1992925277694
1959,25 to 34 Years,33099.1797556719,16.549589877835952,0.0,0.0,14128.346445626848,247.7570914897393,0.19296602978611346,0.1702485292352023,0.1823906539393076,0.12325986078886311,0.0,0.0,2576.878347298973,30.538504606478888,0.0,0.0,0.07785323885125574,0.0009226362958811928,0.0,0.0,155.70647770251148,1.8452725917623856,0.07877587514713694,157.5517502942739
1959,35 to 44 Years,36245.483392306814,18.12274169615341,0.0,0.0,14128.346445626848,247.7570914897393,0.22214500980191357,0.17349021491175412,0.22198318848838866,0.19170533642691415,0.0,0.0,3136.2553920688406,47.49635657619422,0.0,0.0,0.08652817119648397,0.0013104075909848517,0.0,0.0,173.05634239296793,2.6208151819697036,0.08783857878746883,175.67715757493767
1959,45 to 54 Years,33497.98597833014,16.74899298916507,0.0,0.0,14128.346445626848,247.7570914897393,0.22491002721128245,0.3819185976707888,0.24482119960108278,0.21745295179169888,0.0,0.0,3458.9187251980593,53.87551087176981,0.0,0.0,0.103257513076626,0.0016083208974599814,0.0,0.0,206.51502615325202,3.216641794919963,0.10486583397408598,209.73166794817197
1959,55 to 64 Years,27844.78325859492,13.922391629297461,0.0,0.0,14128.346445626848,247.7570914897393,0.1976402258829037,0.22283587465482052,0.21491665479413022,0.21626063418406805,0.0,0.0,3036.416955866662,53.580105729171194,0.0,0.0,0.10904796520293988,0.001924242154502405,0.0,0.0,218.09593040587976,3.84848430900481,0.11097220735744229,221.94441471488457
1959,65 Years and Older,10549.81551524508,5.27490775762254,0.0,0.0,14128.346445626848,247.7570914897393,0.16233870731778682,0.05150678352743426,0.13588830317709075,0.25132121680845576,0.0,0.0,1919.8770251943135,62.266613706125185,0.0,0.0,0.1819820472139994,0.0059021519017224905,0.0,0.0,363.9640944279988,11.80430380344498,0.1878841991157219,375.7683982314438
1960,25 to 34 Years,33222.89795416846,16.61144897708423,0.0,0.0,13945.79802289662,256.5952661376867,0.19296602978611346,0.1702485292352023,0.1823906539393076,0.12325986078886311,0.0,0.0,2543.5832211016177,31.62789678321254,0.0,0.0,0.07656114841668939,0.0009519909078023161,0.0,0.0,153.12229683337878,1.9039818156046322,0.0775131393244917,155.0262786489834
1960,35 to 44 Years,37157.19566566962,18.57859783283481,0.0,0.0,13945.79802289662,256.5952661376867,0.22214500980191357,0.17349021491175412,0.22198318848838866,0.19170533642691415,0.0,0.0,3095.7327111376585,49.190681820478794,0.0,0.0,0.08331448742774408,0.0013238534539334783,0.0,0.0,166.62897485548817,2.6477069078669566,0.08463834088167756,169.2766817633551
1960,45 to 54 Years,34728.99845916795,17.364499229583977,0.0,0.0,13945.79802289662,256.5952661376867,0.22491002721128245,0.3819185976707888,0.24482119960108278,0.21745295179169888,0.0,0.0,3414.227001359959,55.79739803741653,0.0,0.0,0.09831055178208437,0.0016066515163983032,0.0,0.0,196.62110356416872,3.2133030327966066,0.09991720329848267,199.83440659696532
1960,55 to 64 Years,27573.668683812404,13.786834341906202,0.0,0.0,13945.79802289662,256.5952661376867,0.1976402258829037,0.22283587465482052,0.21491665479413022,0.21626063418406805,0.0,0.0,2997.1842595155367,55.491454983565845,0.0,0.0,0.1086973334554892,0.0020124799358361427,0.0,0.0,217.3946669109784,4.024959871672285,0.11070981339132534,221.41962678265068
1960,65 Years and Older,10969.35094055681,5.484675470278405,0.0,0.0,13945.79802289662,256.5952661376867,0.16233870731778682,0.05150678352743426,0.13588830317709075,0.25132121680845576,0.0,0.0,1895.0708297818487,64.48783451301296,0.0,0.0,0.17276052521715146,0.005878910690566303,0.0,0.0,345.52105043430294,11.757821381132606,0.17863943590771778,357.27887181543554
1961,25 to 34 Years,33739.162427100135,16.869581213550067,0.0,0.0,13943.544338665386,264.08850116529413,0.19296602978611346,0.1702485292352023,0.1823906539393076,0.12325986078886311,0.0,0.0,2543.17217016091,32.55151188957367,0.0,0.0,0.07537745418713093,0.0009647990509517653,0.0,0.0,150.75490837426187,1.9295981019035306,0.07634225323808269,152.68450647616538
1961,35 to 44 Years,37949.5383759733,18.974769187986652,0.0,0.0,13943.544338665386,264.08850116529413,0.22214500980191357,0.17349021491175412,0.22198318848838866,0.19170533642691415,0.0,0.0,3095.232431126163,50.62717496237222,0.0,0.0,0.08156179399235654,0.0013340656337054529,0.0,0.0,163.12358798471308,2.6681312674109057,0.082895859626062,165.79171925212398
1961,45 to 54 Years,35087.68240343348,17.543841201716738,0.0,0.0,13943.544338665386,264.08850116529413,0.22491002721128245,0.3819185976707888,0.24482119960108278,0.21745295179169888,0.0,0.0,3413.6752516829465,57.42682411263872,0.0,0.0,0.09728984697344684,0.0016366662081682335,0.0,0.0,194.57969394689368,3.273332416336467,0.09892651318161506,197.85302636323013
1961,55 to 64 Years,28809.687170759385,14.404843585379693,0.0,0.0,13943.544338665386,264.08850116529413,0.1976402258829037,0.22283587465482052,0.21491665479413022,0.21626063418406805,0.0,0.0,2996.6999052395977,57.1119467427265,0.0,0.0,0.10401709284372658,0.00198238691049352,0.0,0.0,208.03418568745317,3.9647738209870402,0.1059994797542201,211.99895950844018
1961,65 Years and Older,11234.342857142858,5.617171428571429,0.0,0.0,13943.544338665386,264.08850116529413,0.16233870731778682,0.05150678352743426,0.13588830317709075,0.25132121680845576,0.0,0.0,1894.7645804557692,66.371043457983,0.0,0.0,0.16865824770970625,0.0059078705627880965,0.0,0.0,337.3164954194125,11.815741125576192,0.17456611827249435,349.1322365449887
1962,25 to 34 Years,34119.5216087934,17.059760804396703,0.0,0.0,13889.455917115689,271.1974677299474,0.19296602978611346,0.1702485292352023,0.1823906539393076,0.12325986078886311,0.0,0.0,2533.3069475839156,33.427762118685514,0.0,0.0,0.07424802072638155,0.0009797254047685825,0.0,0.0,148.4960414527631,1.959450809537165,0.07522774613115013,150.45549226230025
1962,35 to 44 Years,38809.10934502604,19.40455467251302,0.0,0.0,13889.455917115689,271.1974677299474,0.22214500980191357,0.17349021491175412,0.22198318848838866,0.19170533642691415,0.0,0.0,3083.225710850257,51.990001789296755,0.0,0.0,0.07944592810516066,0.0013396339845650192,0.0,0.0,158.89185621032132,2.6792679691300383,0.08078556208972568,161.57112417945135
1962,45 to 54 Years,36711.09346806207,18.355546734031034,0.0,0.0,13889.455917115689,271.1974677299474,0.22491002721128245,0.3819185976707888,0.24482119960108278,0.21745295179169888,0.0,0.0,3400.4332594346206,58.972689876311065,0.0,0.0,0.09262685848333367,0.0016063997093308088,0.0,0.0,185.25371696666735,3.212799418661618,0.09423325819266448,188.46651638532896
1962,55 to 64 Years,30229.17043023532,15.11458521511766,0.0,0.0,13889.455917115689,271.1974677299474,0.1976402258829037,0.22283587465482052,0.21491665479413022,0.21626063418406805,0.0,0.0,2985.0754026170416,58.64933636039175,0.0,0.0,0.09874817469788581,0.0019401569915967816,0.0,0.0,197.49634939577163,3.880313983193563,0.10068833168948259,201.37666337896516
1962,65 Years and Older,12012.7632126788,6.006381606339399,0.0,0.0,13889.455917115689,271.1974677299474,0.16233870731778682,0.05150678352743426,0.13588830317709075,0.25132121680845576,0.0,0.0,1887.4145966298538,68.15767758526229,0.0,0.0,0.15711743944455622,0.005673771835719335,0.0,0.0,314.23487888911245,11.34754367143867,0.16279121128027557,325.58242256055115
1963,25 to 34 Years,35243.88660947407,17.621943304737037,184884.3572789116,0.0,13806.06960055991,277.6339644844307,0.19296602978611346,0.1702485292352023,0.1823906539393076,0.12325986078886311,35676.4003936689,0.0,2518.098062777717,34.22112381261109,1.0122720229181126,0.0,0.07144779719330999,0.0009709804197194288,2024.5440458362252,0.0,142.89559438661996,1.9419608394388577,1.084690800531142,2169.381601062284
1963,35 to 44 Years,39659.33667083855,19.829668335419274,184884.3572789116,0.0,13806.06960055991,277.6339644844307,0.22214500980191357,0.17349021491175412,0.22198318848838866,0.19170533642691415,41071.13735994431,0.0,3064.715350424903,53.22391256502572,1.0355981921942696,0.0,0.07727601134283175,0.0013420273013330852,2071.196384388539,0.0,154.5520226856635,2.6840546026661705,1.1142162308384345,2228.432461676869
1963,45 to 54 Years,37283.15875998121,18.641579379990606,184884.3572789116,0.0,13806.06960055991,277.6339644844307,0.22491002721128245,0.3819185976707888,0.24482119960108278,0.21745295179169888,41582.34582654048,0.0,3380.0185213851187,60.37232509477115,1.1153117710394727,0.0,0.09065805135087276,0.0016192921174794143,2230.6235420789453,0.0,181.31610270174554,3.2385842349588283,1.2075891145078248,2415.17822901565
1963,55 to 64 Years,30410.24480369515,15.205122401847575,184884.3572789116,0.0,13806.06960055991,277.6339644844307,0.1976402258829037,0.22283587465482052,0.21491665479413022,0.21626063418406805,36540.58613481956,0.0,2967.1542944072694,60.04129723044001,1.2015880296491237,0.0,0.09757087828660722,0.001974377306661615,2403.1760592982473,0.0,195.14175657321445,3.9487546133232305,1.3011332852423925,2602.266570484785
1963,65 Years and Older,12163.131507031929,6.081565753515965,184884.3572789116,0.0,13806.06960055991,277.6339644844307,0.16233870731778682,0.05150678352743426,0.13588830317709075,0.25132121680845576,30013.88756393836,0.0,1876.0833715649012,69.77530578158272,2.4676118602011567,0.0,0.15424345042066448,0.005736623479014692,4935.223720402313,0.0,308.486900841329,11.473246958029385,2.627591934100836,5255.183868201672
1964,25 to 34 Years,36545.7063403782,18.2728531701891,191399.0705265986,0.0,13767.756968628872,283.4940585444827,0.19296602978611346,0.1702485292352023,0.1823906539393076,0.12325986078886311,36933.518744270055,0.0,2511.110196785679,34.94343819066275,1.0106117090823163,0.0,0.06871149714272268,0.0009561571437478236,2021.2234181646327,0.0,137.42299428544536,1.9123142874956471,1.0802793633687868,2160.5587267375736
1964,35 to 44 Years,40736.85415092303,20.368427075461515,191399.0705265986,0.0,13767.756968628872,283.4940585444827,0.22214500980191357,0.17349021491175412,0.22198318848838866,0.19170533642691415,42518.34839820839,0.0,3056.2105902294693,54.34732386830135,1.0437317579969536,0.0,0.07502323519893646,0.0013341070389714896,2087.463515993907,0.0,150.04647039787292,2.668214077942979,1.1200891002348614,2240.178200469723
1964,45 to 54 Years,38544.561996967226,19.272280998483613,191399.0705265986,0.0,13767.756968628872,283.4940585444827,0.22491002721128245,0.3819185976707888,0.24482119960108278,0.21745295179169888,43047.57016035146,0.0,3370.6387768758873,61.64661984590646,1.1168260301865292,0.0,0.08744784224402645,0.001599359719037849,2233.6520603730582,0.0,174.8956844880529,3.198719438075698,1.2058732321495933,2411.7464642991868
1964,55 to 64 Years,30715.849707514622,15.35792485375731,191399.0705265986,0.0,13767.756968628872,283.4940585444827,0.1976402258829037,0.22283587465482052,0.21491665479413022,0.21626063418406805,37828.15553265476,0.0,2958.920271716292,61.30860488824514,1.2315516546950716,0.0,0.09633203378360043,0.0019959924752869854,2463.1033093901433,0.0,192.66406756720087,3.9919849505739706,1.329879680953959,2659.759361907918
1964,65 Years and Older,12272.20179807257,6.136100899036285,191399.0705265986,0.0,13767.756968628872,283.4940585444827,0.16233870731778682,0.05150678352743426,0.13588830317709075,0.25132121680845576,31071.47769111393,0.0,1870.877133021544,71.248071751367,2.5318584392895094,0.0,0.15244836776684828,0.005805647016214888,5063.716878579019,0.0,304.8967355336966,11.611294032429775,2.6901124540725725,5380.224908145145
1965,25 to 34 Years,38065.35802469136,19.03267901234568,200359.3050780217,0.0,13465.76328164307,290.31482376192025,0.19296602978611346,0.1702485292352023,0.1823906539393076,0.12325986078886311,38662.539631610525,0.0,2456.029370730796,35.784164761837616,1.015688322346313,0.0,0.06452137844435024,0.0009400716719550087,2031.3766446926259,0.0,129.0427568887005,1.8801433439100173,1.0811497724626182,2162.2995449252367
1965,35 to 44 Years,41904.30797834527,20.952153989172636,200359.3050780217,0.0,13465.76328164307,290.31482376192025,0.22214500980191357,0.17349021491175412,0.22198318848838866,0.19170533642691415,44508.81979046172,0.0,2989.173068688997,55.654900958999214,1.0621537960598795,0.0,0.07133331184549571,0.0013281427052263884,2124.3075921197587,0.0,142.66662369099143,2.6562854104527767,1.1348152506106015,2269.630501221203
1965,45 to 54 Years,39732.68518518518,19.86634259259259,200359.3050780217,0.0,13465.76328164307,290.31482376192025,0.22491002721128245,0.3819185976707888,0.24482119960108278,0.21745295179169888,45062.8167571315,0.0,3296.7043201560696,63.1298153759164,1.1341497949887798,0.0,0.08297209979116353,0.001588863553562575,2268.2995899775597,0.0,165.94419958232706,3.17772710712515,1.218710758333506,2437.421516667012
1965,55 to 64 Years,31965.79903237812,15.98289951618906,200359.3050780217,0.0,13465.76328164307,290.31482376192025,0.1976402258829037,0.22283587465482052,0.21491665479413022,0.21626063418406805,39599.05831336182,0.0,2894.016798740358,62.783667899788824,1.2387945714496917,0.0,0.09053478675158445,0.001964088801165124,2477.5891428993837,0.0,181.0695735031689,3.9281776023302477,1.3312934470024413,2662.5868940048827
1965,65 Years and Older,12487.112182129496,6.2435560910647485,200359.3050780217,0.0,13465.76328164307,290.31482376192025,0.16233870731778682,0.05150678352743426,0.13588830317709075,0.25132121680845576,32526.07058545612,0.0,1829.83972332685,72.96227476537818,2.604771232215299,0.0,0.14653826254124333,0.005843006269279429,5209.542464430598,0.0,293.0765250824867,11.686012538558858,2.7571525010258218,5514.305002051644
1966,25 to 34 Years,39481.69390433019,19.740846952165096,207783.61745827983,0.0,13222.36538466944,303.18781727088697,0.19296602978611346,0.1702485292352023,0.1823906539393076,0.12325986078886311,40095.17971552083,0.0,2411.6358691343235,37.370888149688795,1.0155384876007905,0.0,0.061082380988466786,0.0009465371024922036,2031.076975201581,0.0,122.16476197693358,1.8930742049844074,1.0775674056917495,2155.134811383499
1966,35 to 44 Years,43820.86727989488,21.910433639947442,207783.61745827983,0.0,13222.36538466944,303.18781727088697,0.22214500980191357,0.17349021491175412,0.22198318848838866,0.19170533642691415,46158.093736946634,0.0,2935.142827447422,58.12272251045716,1.0533359242327016,0.0,0.06698048235102075,0.0013263708848848823,2106.6718484654034,0.0,133.9609647020415,2.6527417697697646,1.1216427774686073,2243.285554937215
1966,45 to 54 Years,41968.37065105064,20.98418532552532,207783.61745827983,0.0,13222.36538466944,303.18781727088697,0.22491002721128245,0.3819185976707888,0.24482119960108278,0.21745295179169888,46732.619056600415,0.0,3237.115355038605,65.92908581283659,1.113519975439659,0.0,0.0771322618634366,0.0015709231688075104,2227.039950879318,0.0,154.2645237268732,3.141846337615021,1.1922231604719031,2384.4463209438063
1966,55 to 64 Years,33889.52301799523,16.944761508997612,207783.61745827983,0.0,13222.36538466944,303.18781727088697,0.1976402258829037,0.22283587465482052,0.21491665479413022,0.21626063418406805,41066.401089221275,0.0,2841.706536938859,65.56758963988536,1.2117727672772245,0.0,0.08385206647582269,0.0019347451306726618,2423.545534554449,0.0,167.7041329516454,3.8694902613453235,1.2975595788837198,2595.1191577674394
1966,65 Years and Older,12679.478000247189,6.339739000123594,207783.61745827983,0.0,13222.36538466944,303.18781727088697,0.16233870731778682,0.05150678352743426,0.13588830317709075,0.25132121680845576,33731.32385999067,0.0,1796.764796110231,76.19753115801905,2.6603085599685627,0.0,0.14170652735666267,0.0060095164135726695,5320.617119937126,0.0,283.4130547133253,12.019032827145338,2.8080246037387977,5616.049207477596
1967,25 to 34 Years,40065.9758010307,20.032987900515348,213932.1796152885,0.0,13346.318017387492,324.51471696484674,0.19296602978611346,0.1702485292352023,0.1823906539393076,0.12325986078886311,41281.64334385194,0.0,2434.2436708732675,39.99963883702432,1.0303416432151384,0.0,0.06075588132339077,0.000998344306791982,2060.683286430277,0.0,121.51176264678153,1.9966886135839639,1.0920958688453213,2184.1917376906426
1967,35 to 44 Years,44251.84387980795,22.125921939903975,213932.1796152885,0.0,13346.318017387492,324.51471696484674,0.22214500980191357,0.17349021491175412,0.22198318848838866,0.19170533642691415,47523.966137583,0.0,2962.658228079705,62.21120299123077,1.073943184529495,0.0,0.06694993854101437,0.001405844311486818,2147.88636905899,0.0,133.89987708202875,2.811688622973636,1.1422989673819963,2284.5979347639927
1967,45 to 54 Years,43387.59182085903,21.693795910429515,213932.1796152885,0.0,13346.318017387492,324.51471696484674,0.22491002721128245,0.3819185976707888,0.24482119960108278,0.21745295179169888,48115.492338643504,0.0,3267.4615872743507,70.56668310385362,1.1089689544721744,0.0,0.0753086643011951,0.0016264254396789997,2217.9379089443487,0.0,150.6173286023902,3.2528508793579993,1.1859040442130484,2371.8080884260967
1967,55 to 64 Years,34736.79210840413,17.368396054202066,213932.1796152885,0.0,13346.318017387492,324.51471696484674,0.1976402258829037,0.22283587465482052,0.21491665479413022,0.21626063418406805,42281.60430278755,0.0,2868.346022115548,70.1797584928811,1.2171994515451543,0.0,0.08257371645499723,0.0020203292887227197,2434.3989030903085,0.0,165.14743290999445,4.0406585774454395,1.3017934972888743,2603.5869945777486
1967,65 Years and Older,12929.997809952549,6.464998904976275,213932.1796152885,0.0,13346.318017387492,324.51471696484674,0.16233870731778682,0.05150678352743426,0.13588830317709075,0.25132121680845576,34729.47349242252,0.0,1813.6085090446202,81.5574335398569,2.6859612818874847,0.0,0.14026363621257842,0.006307613871139256,5371.92256377497,0.0,280.52727242515687,12.615227742278513,2.8325325319712027,5665.065063942406
1968,25 to 34 Years,41432.76582143618,20.71638291071809,223655.4786775276,0.0,13709.161178616703,344.3045428069895,0.19296602978611346,0.1702485292352023,0.1823906539393076,0.12325986078886311,43157.909760315255,0.0,2500.4228723272695,42.438930015362686,1.0416371899069923,0.0,0.060348924884797796,0.0010242842632872445,2083.2743798139845,0.0,120.69784976959559,2.048568526574489,1.1030103990550773,2206.0207981101544
1968,35 to 44 Years,45926.6304762944,22.9633152381472,223655.4786775276,0.0,13709.161178616703,344.3045428069895,0.22214500980191357,0.17349021491175412,0.22198318848838866,0.19170533642691415,49683.94850307104,0.0,3043.2033099305722,66.00501821212879,1.081811314869181,0.0,0.06626228134679638,0.0014371839938529369,2163.622629738362,0.0,132.52456269359274,2.874367987705874,1.1495107802098303,2299.0215604196605
1968,45 to 54 Years,43868.83947939263,21.934419739696313,223655.4786775276,0.0,13709.161178616703,344.3045428069895,0.22491002721128245,0.3819185976707888,0.24482119960108278,0.21745295179169888,50302.35979531513,0.0,3356.2932852735353,74.87003914867121,1.1466535334025567,0.0,0.07650745552204892,0.001706679274792336,2293.307066805113,0.0,153.01491104409783,3.413358549584672,1.224867668199398,2449.735336398796
1968,55 to 64 Years,36562.62803789647,18.281314018948237,223655.4786775276,0.0,13709.161178616703,344.3045428069895,0.1976402258829037,0.22283587465482052,0.21491665479413022,0.21626063418406805,44203.319325775505,0.0,2946.3270605418575,74.45951877989515,1.2089754401669268,0.0,0.08058302202697369,0.002036492527362072,2417.9508803338535,0.0,161.1660440539474,4.0729850547241435,1.2915949547212626,2583.1899094425253
1968,65 Years and Older,14377.87414599065,7.1889370729953255,223655.4786775276,0.0,13709.161178616703,344.3045428069895,0.16233870731778682,0.05150678352743426,0.13588830317709075,0.25132121680845576,36307.941293050666,0.0,1862.9146505434692,86.53103665093164,2.525264926120899,0.0,0.12956815671271912,0.006018347063850277,5050.529852241798,0.0,259.13631342543823,12.036694127700553,2.6608514298974684,5321.702859794937
1969,25 to 34 Years,42969.02071951345,21.484510359756726,218912.3343934575,0.0,13932.2759175092,367.9370532786746,0.19296602978611346,0.1702485292352023,0.1823906539393076,0.12325986078886311,42242.644039115556,0.0,2541.1169154573695,45.351869966193945,0.9830953401256355,0.0,0.05913834834740314,0.001055455051262045,1966.190680251271,0.0,118.27669669480628,2.11091010252409,1.0432891435243006,2086.578287048601
1969,35 to 44 Years,47653.34257296592,23.82667128648296,218912.3343934575,0.0,13932.2759175092,367.9370532786746,0.22214500980191357,0.17349021491175412,0.22198318848838866,0.19170533642691415,48630.2826695944,0.0,3092.7310310686826,70.53549658271575,1.0205009773476563,0.0,0.06490061061998222,0.0014801794118579005,2041.0019546953126,0.0,129.80122123996443,2.960358823715801,1.0868817673794966,2173.763534758993
1969,45 to 54 Years,46245.97845792898,23.12298922896449,218912.3343934575,0.0,13932.2759175092,367.9370532786746,0.22491002721128245,0.3819185976707888,0.24482119960108278,0.21745295179169888,49235.57908531789,0.0,3410.9165032978785,80.00899830898737,1.0646456346492619,0.0,0.07375595926467135,0.001730074721670629,2129.2912692985237,0.0,147.5119185293427,3.460149443341258,1.1401316686356038,2280.2633372712075
1969,55 to 64 Years,37770.21266635458,18.88510633317729,218912.3343934575,0.0,13932.2759175092,367.9370532786746,0.1976402258829037,0.22283587465482052,0.21491665479413022,0.21626063418406805,43265.88321807669,0.0,2994.2781338598984,79.57030048186341,1.1455027696102336,0.0,0.0792761788319815,0.00210669453160755,2291.005539220467,0.0,158.552357663963,4.2133890632151,1.2268856429738226,2453.771285947645
1969,65 Years and Older,14646.54731277533,7.3232736563876655,218912.3343934575,0.0,13932.2759175092,367.9370532786746,0.16233870731778682,0.05150678352743426,0.13588830317709075,0.25132121680845576,35537.945381352976,0.0,1893.2333338253702,92.47038793891413,2.4263701623627907,0.0,0.12926140839855227,0.006313459818496445,4852.740324725582,0.0,258.52281679710455,12.62691963699289,2.5619450305798397,5123.890061159679
1970,25 to 34 Years,42444.29413805064,21.22214706902532,189667.62041210564,0.0,14369.49065836924,391.4734966346212,0.19296602978611346,0.1702485292352023,0.1823906539393076,0.12325986078886311,36599.40768990364,0.0,2620.860797954737,48.25296869771288,0.8622927635659006,0.0,0.06174824793717506,0.0011368540737364944,1724.5855271318012,0.0,123.49649587435012,2.273708147472989,0.9251778655768121,1850.3557311536242
1970,35 to 44 Years,47689.64236664286,23.84482118332143,189667.62041210564,0.0,14369.49065836924,391.4734966346212,0.22214500980191357,0.17349021491175412,0.22198318848838866,0.19170533642691415,42133.71539555283,0.0,3189.785353298919,75.0475583745605,0.883498246257007,0.0,0.06688633411791017,0.0015736657825526803,1766.996492514014,0.0,133.77266823582033,3.1473315651053606,0.9519582461574698,1903.9164923149397
1970,45 to 54 Years,46619.487449905086,23.309743724952543,189667.62041210564,0.0,14369.49065836924,391.4734966346212,0.22491002721128245,0.3819185976707888,0.24482119960108278,0.21745295179169888,42658.14966798587,0.0,3517.95594063851,85.12706739141608,0.915028285410133,0.0,0.07546106002170713,0.0018259974969242051,1830.056570820266,0.0,150.92212004341425,3.6519949938484104,0.9923153429287644,1984.630685857529
1970,55 to 64 Years,37848.00484071433,18.924002420357166,189667.62041210564,0.0,14369.49065836924,391.4734966346212,0.1976402258829037,0.22283587465482052,0.21491665479413022,0.21626063418406805,37485.95134092139,0.0,3088.242863392221,84.6603066484578,0.9904340135941996,0.0,0.08159592233168649,0.002236849921277381,1980.868027188399,0.0,163.19184466337296,4.473699842554763,1.0742667858471635,2148.533571694327
1970,65 Years and Older,15159.163172706909,7.579581586353455,189667.62041210564,0.0,14369.49065836924,391.4734966346212,0.16233870731778682,0.05150678352743426,0.13588830317709075,0.25132121680845576,30790.396317741906,0.0,1952.6457030848526,98.3855955224739,2.0311408992006905,0.0,0.1288095972606499,0.006490173263627823,4062.281798401381,0.0,257.6191945212998,12.980346527255646,2.166440669724968,4332.881339449936
1971,25 to 34 Years,42776.19182612805,21.388095913064024,195418.00751183368,0.0,14948.687505797236,416.5470138423846,0.19296602978611346,0.1702485292352023,0.1823906539393076,0.12325986078886311,37709.037058271446,0.0,2726.500889716715,51.34352693822896,0.8815426396895493,0.0,0.06373874749765232,0.0012002827915800563,1763.0852793790984,0.0,127.47749499530464,2.4005655831601125,0.9464816699787816,1892.9633399575632
1971,35 to 44 Years,48153.21216780145,24.076606083900725,195418.00751183368,0.0,14948.687505797236,416.5470138423846,0.22214500980191357,0.17349021491175412,0.22198318848838866,0.19170533642691415,43411.13519418671,0.0,3318.3573162534085,79.85428542628081,0.9015210666094334,0.0,0.06891248095121451,0.0016583376649518071,1803.0421332188669,0.0,137.824961902429,3.3166753299036142,0.9720918852255997,1944.1837704511995
1971,45 to 54 Years,47137.92934868317,23.568964674341583,195418.00751183368,0.0,14948.687505797236,416.5470138423846,0.22491002721128245,0.3819185976707888,0.24482119960108278,0.21745295179169888,43951.46938706111,0.0,3659.7556076309975,90.57937772004419,0.9324013590403696,0.0,0.07763929511115099,0.0019215816004564189,1864.8027180807392,0.0,155.27859022230197,3.8431632009128376,1.011962235751977,2023.9244715039542
1971,55 to 64 Years,37649.72978189539,18.824864890947694,195418.00751183368,0.0,14948.687505797236,416.5470138423846,0.1976402258829037,0.22283587465482052,0.21491665479413022,0.21626063418406805,38622.45914622578,0.0,3212.721912308752,90.08272138103386,1.0258362907241407,0.0,0.08533187172710208,0.0023926525343709614,2051.6725814482816,0.0,170.66374345420417,4.7853050687419225,1.1135608149856138,2227.1216299712273
1971,65 Years and Older,16210.583722481657,8.10529186124083,195418.00751183368,0.0,14948.687505797236,416.5470138423846,0.16233870731778682,0.05150678352743426,0.13588830317709075,0.25132121680845576,31723.906726088637,0.0,2031.3517798873631,104.68710237679677,1.9569873157678042,0.0,0.12531021798247657,0.006457947731494172,3913.9746315356083,0.0,250.62043596495315,12.915895462988344,2.0887554814817753,4177.510962963551
1972,25 to 34 Years,44182.91827756299,22.091459138781495,206479.5170386608,0.0,14817.97382038547,430.28461139299833,0.19296602978611346,0.1702485292352023,0.1823906539393076,0.12325986078886311,39843.532635104544,0.0,2702.659935155646,53.03682129989104,0.9017858979980036,0.0,0.06116979232057909,0.0012003919923692377,1803.571795996007,0.0,122.33958464115818,2.4007839847384753,0.9641560823109518,1928.3121646219038
1972,35 to 44 Years,50946.82626538988,25.47341313269494,206479.5170386608,0.0,14817.97382038547,430.28461139299833,0.22214500980191357,0.17349021491175412,0.22198318848838866,0.19170533642691415,45868.39433644768,0.0,3289.3410755866366,82.48785618641877,0.9003189736984231,0.0,0.06456419990623069,0.0016190970514380386,1800.6379473968461,0.0,129.12839981246137,3.2381941028760775,0.9665022706560917,1933.0045413121834
1972,45 to 54 Years,50177.066057070784,25.08853302853539,206479.5170386608,0.0,14817.97382038547,430.28461139299833,0.22491002721128245,0.3819185976707888,0.24482119960108278,0.21745295179169888,46439.31379573766,0.0,3627.7541263642106,93.56665885795155,0.9255087522040079,0.0,0.07229904837875628,0.0018647295709065567,1851.0175044080156,0.0,144.59809675751256,3.7294591418131136,0.9996725301536707,1999.3450603073416
1972,55 to 64 Years,40043.05488958991,20.021527444794955,206479.5170386608,0.0,14817.97382038547,430.28461139299833,0.1976402258829037,0.22283587465482052,0.21491665479413022,0.21626063418406805,40808.65838771378,0.0,3184.629364304243,93.05362293949509,1.0191195077457216,0.0,0.07953013008336082,0.002323839257421053,2038.239015491443,0.0,159.06026016672163,4.647678514842106,1.1009734770865034,2201.946954173007
1972,65 Years and Older,17126.667392606305,8.563333696303152,206479.5170386608,0.0,14817.97382038547,430.28461139299833,0.16233870731778682,0.05150678352743426,0.13588830317709075,0.25132121680845576,33519.617883657134,0.0,2013.5893189747344,108.13965210924187,1.957159388646023,0.0,0.11757041068270026,0.006314109431232749,3914.318777292046,0.0,235.1408213654005,12.628218862465499,2.081043908759956,4162.087817519912
1973,25 to 34 Years,45146.62172878668,22.573310864393342,230321.08033033035,0.0,14822.481188847947,446.8081553000302,0.19296602978611346,0.1702485292352023,0.1823906539393076,0.12325986078886311,44444.14444739236,0.0,2703.4820370370626,55.07351102161045,0.9844400919826433,0.0,0.05988226656864672,0.0012198811098748086,1968.8801839652865,0.0,119.76453313729344,2.439762219749617,1.0455422396611647,2091.084479322329
1973,35 to 44 Years,51850.07267833109,25.925036339165544,230321.08033033035,0.0,14822.481188847947,446.8081553000302,0.22214500980191357,0.17349021491175412,0.22198318848838866,0.19170533642691415,51164.67864756856,0.0,3290.341635609629,85.6555077300812,0.986781232978889,0.0,0.06345876612405814,0.0016519843330109333,1973.562465957778,0.0,126.91753224811627,3.303968666021867,1.0518919834359581,2103.783966871916
1973,45 to 54 Years,50815.850304972606,25.407925152486303,230321.08033033035,0.0,14822.481188847947,446.8081553000302,0.22491002721128245,0.3819185976707888,0.24482119960108278,0.21745295179169888,51801.52044442657,0.0,3628.857625718238,97.15975225459538,1.0193969033980232,0.0,0.07141192371946072,0.001911996978727871,2038.7938067960465,0.0,142.82384743892143,3.823993957455742,1.0927208240962119,2185.4416481924236
1973,55 to 64 Years,40446.82629516761,20.223413147583805,230321.08033033035,0.0,14822.481188847947,446.8081553000302,0.1976402258829037,0.22283587465482052,0.21491665479413022,0.21626063418406805,45520.7103420809,0.0,3185.598072856123,96.6270150237981,1.1254457892415528,0.0,0.07876014917978183,0.002388988800224917,2250.8915784831056,0.0,157.52029835956367,4.777977600449834,1.2065949272215595,2413.1898544431187
1973,65 Years and Older,17755.667701046652,8.877833850523325,230321.08033033035,0.0,14822.481188847947,446.8081553000302,0.16233870731778682,0.05150678352743426,0.13588830317709075,0.25132121680845576,37390.026448861965,0.0,2014.2018176268944,112.29236926994506,2.105807963879495,0.0,0.1134399365622371,0.006324311265598066,4211.6159277589895,0.0,226.8798731244742,12.648622531196132,2.22557221170733,4451.14442341466
1974,25 to 34 Years,42884.87554326353,21.442437771631766,229342.21615683625,0.0,15681.134880949368,488.40521641482553,0.19296602978611346,0.1702485292352023,0.1823906539393076,0.12325986078886311,44255.25691413334,0.0,2860.092445446842,60.20075898384596,1.0319548874401496,0.0,0.06669233405053247,0.0014037759984429396,2063.909774880299,0.0,133.38466810106493,2.8075519968858793,1.100050997489125,2200.10199497825
1974,35 to 44 Years,49434.86161379604,24.717430806898022,229342.21615683625,0.0,15681.134880949368,488.40521641482553,0.22214500980191357,0.17349021491175412,0.22198318848838866,0.19170533642691415,50947.22885615297,0.0,3480.94831998963,93.62988632546394,1.0305931319110817,0.0,0.07041484908330731,0.001894005227665777,2061.1862638221633,0.0,140.8296981666146,3.7880104553315537,1.1029019862220546,2205.803972444109
1974,45 to 54 Years,48826.865063187935,24.41343253159397,229342.21615683625,0.0,15681.134880949368,488.40521641482553,0.22491002721128245,0.3819185976707888,0.24482119960108278,0.21745295179169888,51581.36407652986,0.0,3839.0742526604067,106.20515597986731,1.0564135954617866,0.0,0.07862626952789566,0.0021751377206467148,2112.827190923573,0.0,157.25253905579132,4.350275441293429,1.137215002710329,2274.430005420658
1974,55 to 64 Years,38425.04902856447,19.212524514282237,229342.21615683625,0.0,15681.134880949368,488.40521641482553,0.1976402258829037,0.22283587465482052,0.21491665479413022,0.21626063418406805,45327.24740572284,0.0,3370.13705198919,105.62282184067718,1.1796275750234542,0.0,0.08770677298248578,0.0027488012250071335,2359.2551500469085,0.0,175.41354596497155,5.497602450014267,1.2700831492309472,2540.1662984618943
1974,65 Years and Older,18329.741309620047,9.164870654810024,229342.21615683625,0.0,15681.134880949368,488.40521641482553,0.16233870731778682,0.05150678352743426,0.13588830317709075,0.25132121680845576,37231.11890429724,0.0,2130.8828108633006,122.74659328497113,2.0311862712845343,0.0,0.11625274873600883,0.0066965807761045545,4062.3725425690686,0.0,232.50549747201765,13.39316155220911,2.1541356007966477,4308.271201593296
1975,25 to 34 Years,42168.56708475864,21.084283542379318,228927.7596004955,0.0,17033.34541969177,547.4864925940383,0.19296602978611346,0.1702485292352023,0.1823906539393076,0.12325986078886311,44175.28087793744,0.0,3106.723009871692,67.48310886092409,1.0475879056821,0.0,0.07367390510631276,0.001600317808411259,2095.1758113642,0.0,147.34781021262552,3.2006356168225176,1.1228621285968239,2245.7242571936476
1975,35 to 44 Years,47979.11541263399,23.989557706316994,228927.7596004955,0.0,17033.34541969177,547.4864925940383,0.22214500980191357,0.17349021491175412,0.22198318848838866,0.19170533642691415,50855.15940038219,0.0,3781.1163268872697,104.95608225193135,1.059943664300882,0.0,0.07880754562414496,0.0021875368345014136,2119.887328601764,0.0,157.61509124828993,4.375073669002827,1.1409387467595284,2281.8774935190568
1975,45 to 54 Years,48524.599865848,24.262299932924,228927.7596004955,0.0,17033.34541969177,547.4864925940383,0.22491002721128245,0.3819185976707888,0.24482119960108278,0.21745295179169888,51488.148641165375,0.0,4170.124058868548,119.05255388065771,1.061073121334549,0.0,0.08593835024703654,0.0024534474103813857,2122.1462426690982,0.0,171.87670049407308,4.906894820762771,1.149464918991967,2298.929837983934
1975,55 to 64 Years,37837.841214802414,18.91892060740121,228927.7596004955,0.0,17033.34541969177,547.4864925940383,0.1976402258829037,0.22283587465482052,0.21491665479413022,0.21626063418406805,45245.33411830901,0.0,3660.749617553075,118.39977609559779,1.1957694378348607,0.0,0.09674837411498427,0.0031291366603990877,2391.538875669721,0.0,193.49674822996855,6.2582733207981756,1.295646948610244,2591.293897220488
1975,65 Years and Older,18320.014771048744,9.160007385524372,228927.7596004955,0.0,17033.34541969177,547.4864925940383,0.16233870731778682,0.05150678352743426,0.13588830317709075,0.25132121680845576,37163.8365627015,0.0,2314.6324065111853,137.59497150492732,2.028592063224304,0.0,0.12634446180518458,0.007510636493719955,4057.1841264486084,0.0,252.68892361036916,15.02127298743991,2.162447161523209,4324.894323046417
1976,25 to 34 Years,42184.627081824765,21.092313540912382,243776.04898228144,0.0,18110.60648222322,599.4588022085978,0.19296602978611346,0.1702485292352023,0.1823906539393076,0.12325986078886311,47040.496329055975,0.0,3303.205359530156,73.88920850889039,1.115109924708173,0.0,0.07830353349154866,0.0017515671850214254,2230.2198494163463,0.0,156.60706698309733,3.5031343700428508,1.1951650253847432,2390.3300507694867
1976,35 to 44 Years,48587.7082486794,24.293854124339703,243776.04898228144,0.0,18110.60648222322,599.4588022085978,0.22214500980191357,0.17349021491175412,0.22198318848838866,0.19170533642691415,54153.63279064067,0.0,4020.2501723823902,114.91945135147424,1.1145541689983403,0.0,0.0827421238270002,0.0023651959619766117,2229.1083379966803,0.0,165.4842476540004,4.730391923953223,1.1996614887873172,2399.3229775746345
1976,45 to 54 Years,48566.42338007985,24.283211690039924,243776.04898228144,0.0,18110.60648222322,599.4588022085978,0.22491002721128245,0.3819185976707888,0.24482119960108278,0.21745295179169888,54827.67781006384,0.0,4433.8604044810345,130.35408601777578,1.1289214645472974,0.0,0.09129476901730507,0.002684037179300344,2257.8429290945946,0.0,182.58953803461014,5.368074358600688,1.222900270743903,2445.8005414878057
1976,55 to 64 Years,38377.92283298097,19.188961416490486,243776.04898228144,0.0,18110.60648222322,599.4588022085978,0.1976402258829037,0.22283587465482052,0.21491665479413022,0.21626063418406805,48179.9533856999,0.0,3892.2709614523046,129.63934073285319,1.2554080530980516,0.0,0.10141953170293495,0.0033779665798234545,2510.816106196103,0.0,202.8390634058699,6.755933159646909,1.36020555138081,2720.41110276162
1976,65 Years and Older,18309.931060896208,9.154965530448104,243776.04898228144,0.0,18110.60648222322,599.4588022085978,0.16233870731778682,0.05150678352743426,0.13588830317709075,0.25132121680845576,39574.28866682105,0.0,2461.0195843773336,150.6567155976042,2.161356508399875,0.0,0.13440900329948458,0.008228142153924095,4322.71301679975,0.0,268.81800659896913,16.45628430784819,2.3039936538532837,4607.987307706568
1977,25 to 34 Years,42006.98677800974,21.00349338900487,253090.34428708925,0.0,19072.929648961555,656.8108703045166,0.19296602978611346,0.1702485292352023,0.1823906539393076,0.12325986078886311,48837.838914280175,0.0,3478.7241112125066,80.95841643834675,1.1626122857221057,0.0,0.08281298845823394,0.0019272607403663551,2325.2245714442115,0.0,165.6259769164679,3.85452148073271,1.2473525349207062,2494.7050698414123
1977,35 to 44 Years,49393.36378291241,24.696681891456205,253090.34428708925,0.0,19072.929648961555,656.8108703045166,0.22214500980191357,0.17349021491175412,0.22198318848838866,0.19170533642691415,56222.75701242512,0.0,4233.869737291209,125.91414886058163,1.1382654005815116,0.0,0.08571738008975029,0.0025492118620222726,2276.530801163023,0.0,171.43476017950059,5.098423724044546,1.2265319925332843,2453.0639850665684
1977,45 to 54 Years,49267.138147728445,24.633569073864223,253090.34428708925,0.0,19072.929648961555,656.8108703045166,0.22491002721128245,0.3819185976707888,0.24482119960108278,0.21745295179169888,56922.556220522085,0.0,4669.457516565827,142.82546251659184,1.1553858892683948,0.0,0.09477833891151483,0.002899000589162029,2310.7717785367895,0.0,189.55667782302964,5.798001178324058,1.2530632287690717,2506.1264575381433
1977,55 to 64 Years,38793.33238442268,19.39666619221134,253090.34428708925,0.0,19072.929648961555,656.8108703045166,0.1976402258829037,0.22283587465482052,0.21491665479413022,0.21626063418406805,50020.83281368219,0.0,4099.090237278602,142.04233535104441,1.289418303073336,0.0,0.10566481365041423,0.0036615141474177913,2578.836606146672,0.0,211.32962730082846,7.3230282948355825,1.398744630871168,2797.489261742336
1977,65 Years and Older,18241.43489401351,9.120717447006754,253090.34428708925,0.0,19072.929648961555,656.8108703045166,0.16233870731778682,0.05150678352743426,0.13588830317709075,0.25132121680845576,41086.359326179685,0.0,2591.7880466134106,165.07050713795192,2.2523644419915367,0.0,0.14208246564331328,0.00904920627664685,4504.7288839830735,0.0,284.16493128662654,18.0984125532937,2.403496113911497,4806.992227822994
1978,25 to 34 Years,40908.106528093536,20.454053264046767,268567.01085845684,2650.504210701917,20526.555978109634,711.8573276227099,0.19296602978611346,0.1702485292352023,0.1823906539393076,0.12325986078886311,51824.30981688044,1804.9777744148487,3743.85196796922,87.74343510430735,1.266846945880769,0.0441227406400559,0.09151858361858277,0.0021448911365293767,2533.693891761538,88.24548128011179,183.03716723716553,4.289782273058753,1.404633161275937,2809.266322551874
1978,35 to 44 Years,47861.661385242194,23.930830692621097,268567.01085845684,2650.504210701917,20526.555978109634,711.8573276227099,0.22214500980191357,0.17349021491175412,0.22198318848838866,0.19170533642691415,59660.82125962252,1839.3461805567392,4556.550344706172,136.46684847987567,1.2465263330373757,0.03843047080525894,0.09520251100416569,0.002851276878615715,2493.0526660747514,76.86094161051787,190.40502200833137,5.70255375723143,1.383010591725416,2766.0211834508323
1978,45 to 54 Years,47778.1004151018,23.8890502075509,268567.01085845684,2650.504210701917,20526.555978109634,711.8573276227099,0.22491002721128245,0.3819185976707888,0.24482119960108278,0.21745295179169888,60403.41372022832,4049.1074050871885,5025.336058239578,154.79547714610874,1.2642489591556865,0.08474818734750991,0.10518074210943638,0.0032398834570907444,2528.497918311373,169.49637469501982,210.36148421887276,6.479766914181488,1.4574177720697237,2914.8355441394474
1978,55 to 64 Years,38318.89769765421,19.159448848827104,268567.01085845684,2650.504210701917,20526.555978109634,711.8573276227099,0.1976402258829037,0.22283587465482052,0.21491665479413022,0.21626063418406805,53079.64469076166,2362.5096962721855,4411.498745259778,153.94671712026314,1.3852080273700322,0.061653905467557654,0.11512593029339252,0.004017514238925704,2770.4160547400643,123.30781093511531,230.25186058678503,8.035028477851407,1.5660053773699079,3132.0107547398156
1978,65 Years and Older,18442.092378142752,9.221046189071377,268567.01085845684,2650.504210701917,20526.555978109634,711.8573276227099,0.16233870731778682,0.05150678352743426,0.13588830317709075,0.25132121680845576,43598.8213709639,546.0757864767066,2789.3188619348866,178.90484977215502,2.3640929931918393,0.029610294498031372,0.1512474183916755,0.009700897604449154,4728.185986383679,59.220588996062745,302.494836783351,19.401795208898307,2.554651603685995,5109.3032073719905
1979,25 to 34 Years,40106.31062355658,20.05315531177829,271222.51865885867,2867.3770810228016,22155.96967729423,777.8554361350989,0.19296602978611346,0.1702485292352023,0.1823906539393076,0.12325986078886311,52336.732614190034,1952.666923227438,4041.041798101164,95.8783527718727,1.3049500639794545,0.048687273719974944,0.10075825313454896,0.0023906051511893046,2609.900127958909,97.3745474399499,201.51650626909793,4.781210302378609,1.4567861959851676,2913.572391970335
1979,35 to 44 Years,46401.8140116764,23.2009070058382,271222.51865885867,2867.3770810228016,22155.96967729423,777.8554361350989,0.22214500980191357,0.17349021491175412,0.22198318848838866,0.19170533642691415,60250.72906597184,1989.8474640787363,4918.2527930178285,149.11903807578315,1.2984563286859983,0.042882967109389686,0.10599268364336394,0.0032136467345492,2596.9126573719964,85.76593421877938,211.98536728672786,6.4272934690984,1.4505456261733012,2901.0912523466022
1979,45 to 54 Years,45366.1581920904,22.683079096045198,271222.51865885867,2867.3770810228016,22155.96967729423,777.8554361350989,0.22491002721128245,0.3819185976707888,0.24482119960108278,0.21745295179169888,61000.66405187646,4380.418535110352,5424.251074720389,169.14696065479657,1.3446292673403397,0.09655696469960463,0.11956602213819614,0.0037284832438001635,2689.2585346806795,193.11392939920927,239.1320442763923,7.456966487600327,1.564480737421941,3128.9614748438817
1979,55 to 64 Years,36316.06451612903,18.158032258064516,271222.51865885867,2867.3770810228016,22155.96967729423,777.8554361350989,0.1976402258829037,0.22283587465482052,0.21491665479413022,0.21626063418406805,53604.479852266886,2555.8179192596085,4761.686886764261,168.21950992210134,1.4760542081441552,0.0703770618681574,0.13111792123426413,0.004632096350841929,2952.1084162883103,140.7541237363148,262.2358424685283,9.264192701683857,1.6821812875974187,3364.3625751948375
1979,65 Years and Older,18369.241223103058,9.184620611551528,271222.51865885867,2867.3770810228016,22155.96967729423,777.8554361350989,0.16233870731778682,0.05150678352743426,0.13588830317709075,0.25132121680845576,44029.913074553435,590.7574824150711,3010.7371246905877,195.4915747105451,2.3969369523645248,0.03216014615084228,0.16390100647728298,0.010642332600253226,4793.873904729049,64.32029230168456,327.80201295456595,21.284665200506453,2.603640437592903,5207.2808751858065
1980,25 to 34 Years,38717.654320987655,19.358827160493828,246472.063403782,3156.294601620641,23925.11179881553,862.9709006794606,0.19296602978611346,0.1702485292352023,0.1823906539393076,0.12325986078886311,47560.73552821904,2149.418055035692,4363.716786557008,106.36967308259013,1.2283991983067482,0.05551519307486968,0.11270612497285433,0.00274731708178226,2456.798396613496,111.03038614973936,225.41224994570865,5.494634163564521,1.3993678334362543,2798.7356668725083
1980,35 to 44 Years,45686.67207792208,22.843336038961038,246472.063403782,3156.294601620641,23925.11179881553,862.9709006794606,0.22214500980191357,0.17349021491175412,0.22198318848838866,0.19170533642691415,54752.538940731014,2190.3449150398974,5310.9726020422395,165.4361268413931,1.1984357023717205,0.04794275475578738,0.11624774492184446,0.0036211025955059555,2396.871404743441,95.88550951157477,232.49548984368892,7.242205191011911,1.3662473046448582,2732.494609289716
1980,45 to 54 Years,45185.13282732448,22.59256641366224,246472.063403782,3156.294601620641,23925.11179881553,862.9709006794606,0.22491002721128245,0.3819185976707888,0.24482119960108278,0.21745295179169888,55434.03848696554,4821.790432347345,5857.3745711760375,187.6555696630897,1.2268203061127954,0.10671187912125597,0.12963057104557077,0.004153037911390405,2453.6406122255908,213.42375824251195,259.26114209114155,8.30607582278081,1.4673157941910124,2934.631588382025
1980,55 to 64 Years,35059.18217433889,17.529591087169443,246472.063403782,3156.294601620641,23925.11179881553,862.9709006794606,0.1976402258829037,0.22283587465482052,0.21491665479413022,0.21626063418406805,48712.79428494884,2813.3426728816953,5141.904993377009,186.62663426333654,1.3894446836413525,0.08024553051157265,0.14666357497467697,0.0053231884684388185,2778.8893672827053,160.4910610231453,293.32714994935395,10.646376936877637,1.621676977596041,3243.3539551920817
1980,65 Years and Older,18728.00410677618,9.364002053388091,246472.063403782,3156.294601620641,23925.11179881553,862.9709006794606,0.16233870731778682,0.05150678352743426,0.13588830317709075,0.25132121680845576,40011.956162917566,650.2823311779349,3251.1428456632357,216.88289682905105,2.1364773274713458,0.03472245774138042,0.17359793532333243,0.011580673284377287,4272.954654942691,69.44491548276085,347.19587064666484,23.161346568754574,2.356378393820436,4712.756787640872
1981,25 to 34 Years,37080.93570451436,18.54046785225718,237875.6673998717,3542.749494901127,25385.49918065733,955.963868714384,0.19296602978611346,0.1702485292352023,0.1823906539393076,0.12325986078886311,45901.92312087526,2412.591563822691,4630.077796135847,117.83197337691799,1.2378847040606638,0.06506285556135451,0.12486410356608572,0.003177696871402647,2475.7694081213276,130.12571112270902,249.72820713217143,6.355393742805294,1.4309893600595067,2861.9787201190134
1981,35 to 44 Years,44689.2471042471,22.34462355212355,237875.6673998717,3542.749494901127,25385.49918065733,955.963868714384,0.22214500980191357,0.17349021491175412,0.22198318848838866,0.19170533642691415,52842.89246618123,2458.5294849956194,5635.154049491693,183.26337506386537,1.1824520637573963,0.055013893594147614,0.12609641948870848,0.00410083827629418,2364.9041275147924,110.02778718829524,252.19283897741695,8.20167655258836,1.3676632151165464,2735.3264302330927
1981,45 to 54 Years,43852.16850167544,21.92608425083772,237875.6673998717,3542.749494901127,25385.49918065733,955.963868714384,0.22491002721128245,0.3819185976707888,0.24482119960108278,0.21745295179169888,53500.622827807114,5412.167675966135,6214.908361880832,207.8771650581549,1.2200222852323264,0.12341847303992172,0.14172408284993662,0.0047404078785798845,2440.0445704646527,246.83694607984344,283.44816569987324,9.48081575715977,1.4899052490007647,2979.8104980015296
1981,55 to 64 Years,34870.75508228461,17.435377541142305,237875.6673998717,3542.749494901127,25385.49918065733,955.963868714384,0.1976402258829037,0.22283587465482052,0.21491665479413022,0.21626063418406805,47013.80063695711,3157.806729516865,5455.766564186007,206.73735250522785,1.3482300720480105,0.0905574519985409,0.15645679456358258,0.0059286743868146585,2696.460144096021,181.1149039970818,312.91358912716515,11.857348773629317,1.6011729929969487,3202.3459859938976
1981,65 Years and Older,18970.98196392785,9.485490981963926,237875.6673998717,3542.749494901127,25385.49918065733,955.963868714384,0.16233870731778682,0.05150678352743426,0.13588830317709075,0.25132121680845576,38616.42834805098,729.9025253031978,3449.592408962952,240.25400271021786,2.0355524253556156,0.03847468342392936,0.1818352057643689,0.012664289237481011,4071.1048507112314,76.94936684785871,363.6704115287378,25.328578474962022,2.268526603781395,4537.053207562791
1982,25 to 34 Years,35973.73097826087,17.986865489130437,225027.0413212435,4012.702290553878,26361.34445278309,1067.6899243183263,0.19296602978611346,0.1702485292352023,0.1823906539393076,0.12325986078886311,43422.57475827606,2732.6266529021004,4808.062853462447,131.6033114371487,1.2070634203751778,0.07596172480840094,0.13365482875179074,0.0036583169957177175,2414.1268407503558,151.9234496168019,267.3096575035815,7.316633991435435,1.420338290931087,2840.6765818621743
1982,35 to 44 Years,43576.59543109801,21.788297715549003,225027.0413212435,4012.702290553878,26361.34445278309,1067.6899243183263,0.22214500980191357,0.17349021491175412,0.22198318848838866,0.19170533642691415,49988.63430000325,2784.6583310603214,5851.775294469488,204.68185614107125,1.1471440989244734,0.06390261339859234,0.13428711528696952,0.004697059375937434,2294.2881978489468,127.80522679718467,268.574230573939,9.394118751874867,1.3500308869859727,2700.0617739719455
1982,45 to 54 Years,42823.00435413643,21.411502177068215,225027.0413212435,4012.702290553878,26361.34445278309,1067.6899243183263,0.22491002721128245,0.3819185976707888,0.24482119960108278,0.21745295179169888,50610.83798683526,6130.102526714796,6453.815972027705,232.17232564127565,1.1818609822023516,0.14314975371695673,0.1507090889433195,0.005421672980280966,2363.721964404703,286.29950743391345,301.418177886639,10.843345960561933,1.481141497842909,2962.2829956858177
1982,55 to 64 Years,34353.11046511628,17.17655523255814,225027.0413212435,4012.702290553878,26361.34445278309,1067.6899243183263,0.1976402258829037,0.22283587465482052,0.21491665479413022,0.21626063418406805,44474.39527649207,3576.6960985799005,5665.491965667943,230.89930014502087,1.2946249895378004,0.10411564048070236,0.16491933012647988,0.00672135061480056,2589.2499790756005,208.23128096140474,329.83866025295976,13.44270122960112,1.5703813107597833,3140.7626215195664
1982,65 Years and Older,20293.928430987024,10.146964215493512,225027.0413212435,4012.702290553878,26361.34445278309,1067.6899243183263,0.16233870731778682,0.05150678352743426,0.13588830317709075,0.25132121680845576,36530.59899963687,826.7255529583929,3582.198367155508,268.3331309538098,1.8000752847762043,0.04073758098486523,0.17651576821793705,0.01322233553086198,3600.1505695524083,81.47516196973046,353.0315364358741,26.44467106172396,2.0305509695098687,4061.1019390197375
1983,25 to 34 Years,35806.908801696714,17.903454400848357,237392.52823795177,4419.477469809915,27010.40551137945,1160.3946910060342,0.19296602978611346,0.1702485292352023,0.1823906539393076,0.12325986078886311,45808.69367496538,3009.638156893005,4926.445524386376,143.03008807353962,1.2793255605687675,0.0840518843321765,0.1375836588315866,0.003994482988343359,2558.651121137535,168.103768664353,275.1673176631732,7.9889659766867185,1.504955586720874,3009.911173441748
1983,35 to 44 Years,44265.04042179262,22.13252021089631,237392.52823795177,4419.477469809915,27010.40551137945,1160.3946910060342,0.22214500980191357,0.17349021491175412,0.22198318848838866,0.19170533642691415,52735.56551232084,3066.94438413991,5995.855937780356,222.45385462731687,1.191359253483433,0.06928592756079328,0.13545352902984065,0.005025497605053538,2382.718506966866,138.57185512158657,270.9070580596813,10.050995210107075,1.4011242076791204,2802.248415358241
1983,45 to 54 Years,44180.76701821669,22.090383509108346,237392.52823795177,4419.477469809915,27010.40551137945,1160.3946910060342,0.22491002721128245,0.3819185976707888,0.24482119960108278,0.21745295179169888,53391.959985752874,6751.522550829794,6612.7198790076145,252.33125080267848,1.2084887517624627,0.15281587456473977,0.14967417555881377,0.005711337032664843,2416.9775035249254,305.63174912947954,299.34835111762754,11.422674065329687,1.5166901389186813,3033.3802778373624
1983,55 to 64 Years,34369.82633863965,17.184913169319824,237392.52823795177,4419.477469809915,27010.40551137945,1160.3946910060342,0.1976402258829037,0.22283587465482052,0.21491665479413022,0.21626063418406805,46918.31290386238,3939.2725100094626,5804.9859971386095,250.94769178079065,1.3651018321007728,0.11461426866683953,0.16889774012656153,0.007301395395724397,2730.2036642015455,229.22853733367907,337.79548025312306,14.602790791448795,1.6559152362898981,3311.830472579796
1983,65 Years and Older,20507.925983037778,10.25396299151889,237392.52823795177,4419.477469809915,27010.40551137945,1160.3946910060342,0.16233870731778682,0.05150678352743426,0.13588830317709075,0.25132121680845576,38537.996161050294,910.5322773674889,3670.3981730664937,291.6318057217086,1.8791756998209028,0.04439904250291304,0.17897461577061965,0.014220443645199369,3758.3513996418055,88.79808500582608,357.9492315412393,28.440887290398738,2.1167698017396352,4233.53960347927
1984,25 to 34 Years,37274.66494845361,18.637332474226806,241419.1133483074,4866.523761272045,27756.374991919005,1233.2135647358607,0.19296602978611346,0.1702485292352023,0.1823906539393076,0.12325986078886311,46585.68781730659,3314.074051378922,5062.5033857607505,152.0057323122798,1.2497949446823737,0.08890955977637596,0.1358162009708628,0.004077990574093302,2499.5898893647473,177.8191195527519,271.6324019417256,8.155981148186603,1.4785986960037059,2957.1973920074115
1984,35 to 44 Years,46294.42799461642,23.14721399730821,241419.1133483074,4866.523761272045,27756.374991919005,1233.2135647358607,0.22214500980191357,0.17349021491175412,0.22198318848838866,0.19170533642691415,53630.05130112903,3377.17701286498,6161.448621585554,236.41362131392225,1.1584558579569375,0.07294996739689089,0.13309266122268687,0.005106740304500896,2316.911715913875,145.89993479378177,266.18532244537374,10.213480609001792,1.3696052268810162,2739.210453762032
1984,45 to 54 Years,45361.04562737643,22.680522813688214,241419.1133483074,4866.523761272045,27756.374991919005,1233.2135647358607,0.22491002721128245,0.3819185976707888,0.24482119960108278,0.21745295179169888,54297.5793524915,7434.463721746368,6795.349022099105,268.1659298413762,1.1970089886931898,0.16389533395719386,0.14980582850581287,0.0059118110293192175,2394.0179773863797,327.7906679143877,299.6116570116257,11.823622058638435,1.5166219621855157,3033.2439243710314
1984,55 to 64 Years,35125.78947368421,17.562894736842107,241419.1133483074,4866.523761272045,27756.374991919005,1233.2135647358607,0.1976402258829037,0.22283587465482052,0.21491665479413022,0.21626063418406805,47714.128094609805,4337.744315486092,5965.307262474686,266.69554759417247,1.358378809687868,0.12349172447030334,0.16982699469128848,0.0075925851515444885,2716.757619375736,246.98344894060668,339.653989382577,15.185170303088977,1.6592901140010043,3318.580228002009
1984,65 Years and Older,21155.47511312217,10.577737556561086,241419.1133483074,4866.523761272045,27756.374991919005,1233.2135647358607,0.16233870731778682,0.05150678352743426,0.13588830317709075,0.25132121680845576,39191.66678277048,1002.6359436118175,3771.7666999989096,309.93273367410984,1.8525543185962743,0.047393685948934776,0.17828796941834618,0.014650237445240213,3705.1086371925485,94.78737189786955,356.5759388366924,29.300474890480427,2.092886211408796,4185.772422817592
1985,25 to 34 Years,37534.05432595574,18.767027162977868,245765.0427254416,5307.658696814015,28680.38552672632,1309.7790559794907,0.19296602978611346,0.1702485292352023,0.1823906539393076,0.12325986078886311,47424.30455494301,3614.4843472600664,5231.034271451066,161.44318410420058,1.2635007170581067,0.09629879884200412,0.13936768530314816,0.0043012455489669435,2527.0014341162137,192.59759768400824,278.7353706062963,8.602491097933887,1.5034684467522261,3006.936893504452
1985,35 to 44 Years,46716.70542635659,23.358352713178295,245765.0427254416,5307.658696814015,28680.38552672632,1309.7790559794907,0.22214500980191357,0.17349021491175412,0.22198318848838866,0.19170533642691415,54595.47782521093,3683.3073919540166,6366.563426298943,251.0916345714743,1.1686500006143263,0.07884347490557353,0.13628023141176093,0.005374771878280047,2337.3000012286525,157.68694981114706,272.56046282352185,10.749543756560094,1.3891484788099409,2778.2969576198816
1985,45 to 54 Years,46383.24134705332,23.19162067352666,245765.0427254416,5307.658696814015,28680.38552672632,1309.7790559794907,0.22491002721128245,0.3819185976707888,0.24482119960108278,0.21745295179169888,55275.02244696106,8108.374265609499,7021.56638967467,284.8153219176851,1.1917024520424686,0.17481258381535286,0.15138153750698888,0.006140479053341948,2383.4049040849372,349.62516763070573,302.76307501397775,12.280958106683896,1.5240370524181523,3048.0741048363047
1985,55 to 64 Years,35368.321273516645,17.68416063675832,245765.0427254416,5307.658696814015,28680.38552672632,1309.7790559794907,0.1976402258829037,0.22283587465482052,0.21491665479413022,0.21626063418406805,48573.05855837776,4730.947072295263,6163.8925156100095,283.25364928713464,1.3733492800730878,0.13376227375082506,0.17427721457126252,0.008008682320447914,2746.6985601461756,267.5245475016501,348.55442914252507,16.017364640895828,1.6893974507156233,3378.7949014312467
1985,65 Years and Older,21407.42401779096,10.70371200889548,245765.0427254416,5307.658696814015,28680.38552672632,1309.7790559794907,0.16233870731778682,0.05150678352743426,0.13588830317709075,0.25132121680845576,39897.17933994884,1093.5217101372132,3897.3289236916316,329.17526609899613,1.8637076234296892,0.05108142433337265,0.1820550160753904,0.0153766873503991,3727.4152468593784,102.1628486667453,364.1100321507808,30.7533747007982,2.1122207511888513,4224.441502377703
1986,25 to 34 Years,38014.75247524752,19.00737623762376,263366.972287691,5745.468494650894,29910.8971169819,1408.3439167272506,0.19296602978611346,0.1702485292352023,0.1823906539393076,0.12325986078886311,50820.879019145104,3912.630243926026,5455.4680850776795,173.59227511864313,1.3368725484201434,0.10292399632152413,0.14350923601646198,0.00456644496716568,2673.745096840287,205.84799264304826,287.01847203292397,9.132889934331361,1.587872225725295,3175.74445145059
1986,35 to 44 Years,47972.50543309531,23.986252716547657,263366.972287691,5745.468494650894,29910.8971169819,1408.3439167272506,0.22214500980191357,0.17349021491175412,0.22198318848838866,0.19170533642691415,58505.65864034942,3987.1302556227843,6639.716312575794,269.9870443609955,1.2195664602496972,0.0831128209716589,0.13840670301941704,0.00562795380236148,2439.1329204993945,166.22564194331778,276.8134060388341,11.25590760472296,1.4467139380431346,2893.4278760862694
1986,45 to 54 Years,49089.34283088235,24.544671415441176,263366.972287691,5745.468494650894,29910.8971169819,1408.3439167272506,0.22491002721128245,0.3819185976707888,0.24482119960108278,0.21745295179169888,59233.87290377766,8777.20508175507,7322.821713324078,306.2485418302232,1.2066544281891127,0.1788006230190005,0.14917334987661016,0.0062385952667013645,2413.3088563782253,357.60124603800097,298.3466997532203,12.477190533402728,1.5408669963514248,3081.7339927028497
1986,55 to 64 Years,36162.65792031098,18.08132896015549,263366.972287691,5745.468494650894,29910.8971169819,1408.3439167272506,0.1976402258829037,0.22283587465482052,0.21491665479413022,0.21626063418406805,52051.90789303569,5121.185989228988,6428.349950273144,304.5693485807095,1.439382802219314,0.14161530937560432,0.1777620982517057,0.008422205835972202,2878.765604438628,283.2306187512086,355.52419650341136,16.844411671944403,1.7671824156825962,3534.3648313651925
1986,65 Years and Older,21942.118030412745,10.971059015206372,263366.972287691,5745.468494650894,29910.8971169819,1408.3439167272506,0.16233870731778682,0.05150678352743426,0.13588830317709075,0.25132121680845576,42754.65383138315,1183.7224080707088,4064.541055731206,353.94670683667914,1.9485199091593304,0.05394749980061256,0.18523923032852038,0.01613092712135143,3897.0398183186608,107.89499960122512,370.4784606570408,32.26185424270286,2.2038375664098147,4407.67513281963
1987,25 to 34 Years,38494.77666585306,19.24738833292653,289049.2484048405,6206.184796678394,30934.069757963647,1500.664414952004,0.19296602978611346,0.1702485292352023,0.1823906539393076,0.12325986078886311,55776.685877342155,4226.375335185479,5642.085212159148,184.97168687778475,1.448941667112439,0.10979087817216776,0.14656755281721068,0.004805111313760773,2897.883334224878,219.58175634433553,293.13510563442134,9.610222627521546,1.7101052094155784,3420.210418831157
1987,35 to 44 Years,48610.13525698828,24.30506762849414,289049.2484048405,6206.184796678394,30934.069757963647,1500.664414952004,0.22214500980191357,0.17349021491175412,0.22198318848838866,0.19170533642691415,64210.848120129034,4306.849336631183,6866.843437795008,287.68537653227224,1.3209353930134964,0.08859982211244768,0.1412636151183681,0.005918217980907883,2641.870786026993,177.19964422489537,282.5272302367362,11.836435961815765,1.5567170482252202,3113.4340964504404
1987,45 to 54 Years,49513.16209034544,24.75658104517272,289049.2484048405,6206.184796678394,30934.069757963647,1500.664414952004,0.22491002721128245,0.3819185976707888,0.24482119960108278,0.21745295179169888,65010.07432413341,9481.029577732726,7573.316066688237,326.32390668007616,1.312985710860299,0.1914850350384192,0.15295561315331457,0.00659064969602711,2625.971421720598,382.9700700768384,305.91122630662915,13.18129939205422,1.6640170087480597,3328.0340174961193
1987,55 to 64 Years,36083.85964912281,18.041929824561404,289049.2484048405,6206.184796678394,30934.069757963647,1500.664414952004,0.1976402258829037,0.22283587465482052,0.21491665479413022,0.21626063418406805,57127.75874601621,5531.842469749118,6648.246791549816,324.53463807498383,1.5831942397937182,0.15330517642902972,0.1842443368363848,0.008993900354084577,3166.3884795874364,306.61035285805946,368.4886736727696,17.987800708169154,1.9297376534132173,3859.475306826435
1987,65 Years and Older,22301.14893617021,11.150574468085106,289049.2484048405,6206.184796678394,30934.069757963647,1500.664414952004,0.16233870731778682,0.05150678352743426,0.13588830317709075,0.25132121680845576,46923.88133721966,1278.6424674150708,4203.578249771438,377.14880678688706,2.1041015183354013,0.05733527322178643,0.18849155538142068,0.016911631228792422,4208.203036670802,114.67054644357286,376.98311076284136,33.823262457584846,2.3668399781674005,4733.679956334801
1988,25 to 34 Years,38877.23140495868,19.43861570247934,297684.977697132,6696.457878306698,31511.012921160407,1598.0764703109014,0.19296602978611346,0.1702485292352023,0.1823906539393076,0.12325986078886311,57443.08827318329,4560.248419468795,5747.314252980418,196.97868326047944,1.477550900547321,0.11729869269670135,0.14783239560231043,0.005066684950085087,2955.1018010946423,234.5973853934027,295.6647912046209,10.133369900170175,1.7477486737964179,3495.497347592836
1988,35 to 44 Years,49350.06968641115,24.675034843205577,297684.977697132,6696.457878306698,31511.012921160407,1598.0764703109014,0.22214500980191357,0.17349021491175412,0.22198318848838866,0.19170533642691415,66129.2322884118,4647.079665819752,6994.915120738001,306.35978737688686,1.340002814760379,0.09416561507104325,0.14174073441408117,0.006207889661019971,2680.0056295207582,188.3312301420865,283.48146882816235,12.415779322039942,1.5821170539065235,3164.234107813047
1988,45 to 54 Years,49768.978195810174,24.884489097905085,297684.977697132,6696.457878306698,31511.012921160407,1598.0764703109014,0.22491002721128245,0.3819185976707888,0.24482119960108278,0.21745295179169888,66952.33643425196,10230.007208977599,7714.563984003711,347.5064456579648,1.3452624277483836,0.20554987423548945,0.15500748184243746,0.006982390602650945,2690.524855496767,411.0997484709789,310.0149636848749,13.964781205301891,1.7128021744289614,3425.604348857923
1988,55 to 64 Years,36736.81650700074,18.36840825350037,297684.977697132,6696.457878306698,31511.012921160407,1598.0764703109014,0.1976402258829037,0.22283587465482052,0.21491665479413022,0.21626063418406805,58834.52623400831,5968.844193606547,6772.241486190408,345.60103094407253,1.6015140076929784,0.16247581475844802,0.18434481074046954,0.009407484474824137,3203.0280153859567,324.95162951689605,368.6896214809391,18.814968949648275,1.95774211766672,3915.48423533344
1988,65 Years and Older,22358.23652173913,11.179118260869565,297684.977697132,6696.457878306698,31511.012921160407,1598.0764703109014,0.16233870731778682,0.05150678352743426,0.13588830317709075,0.25132121680845576,48325.79446727661,1379.6520253540994,4281.978077247869,401.63052307149775,2.161431400025175,0.061706656695068515,0.191516807378098,0.017963425813166817,4322.86280005035,123.41331339013703,383.033614756196,35.92685162633364,2.4326182899115087,4865.236579823018
1989,25 to 34 Years,38700.71099247755,19.350355496238777,304726.89772116166,7212.223682340692,32225.430822462644,1720.562042877562,0.19296602978611346,0.1702485292352023,0.1823906539393076,0.12325986078886311,58801.93962229163,4911.4818977351915,5877.617401184881,212.0762378836902,1.5194020500998355,0.12690934537843143,0.15187362842835994,0.005479905470597492,3038.804100199671,253.81869075686285,303.7472568567199,10.959810941194984,1.8036649293772242,3607.3298587544487
1989,35 to 44 Years,49740.31879194631,24.870159395973154,304726.89772116166,7212.223682340692,32225.430822462644,1720.562042877562,0.22214500980191357,0.17349021491175412,0.22198318848838866,0.19170533642691415,67693.55968117417,5005.000946563718,7153.503884382255,329.84092527322167,1.3609394013802492,0.10062261497556187,0.1438170091813025,0.006631258771237063,2721.8788027604983,201.24522995112375,287.634018362605,13.262517542474127,1.6120102843083506,3224.020568616701
1989,45 to 54 Years,50607.78423236514,25.30389211618257,304726.89772116166,7212.223682340692,32225.430822462644,1720.562042877562,0.22491002721128245,0.3819185976707888,0.24482119960108278,0.21745295179169888,68536.13485847616,11017.929419390439,7889.468631617012,374.1412949644814,1.3542607307957442,0.21771214817075818,0.15589436983434396,0.007392959416018203,2708.5214615914883,435.42429634151637,311.7887396686879,14.785918832036405,1.7352602082168647,3470.520416433729
1989,55 to 64 Years,38054.00933558447,19.027004667792237,304726.89772116166,7212.223682340692,32225.430822462644,1720.562042877562,0.1976402258829037,0.22283587465482052,0.21491665479413022,0.21626063418406805,60226.292898206884,6428.568689842394,6925.781791663328,372.0898385457372,1.582653022631416,0.16893275641867808,0.18199874106792208,0.009777940486228723,3165.306045262832,337.86551283735616,363.99748213584417,19.555880972457444,1.9433624606042448,3886.7249212084894
1989,65 Years and Older,22766.80763983629,11.383403819918145,304726.89772116166,7212.223682340692,32225.430822462644,1720.562042877562,0.16233870731778682,0.05150678352743426,0.13588830317709075,0.25132121680845576,49468.97066101282,1485.9137758310274,4379.059113615169,432.41374621043127,2.1728549493453944,0.06526667240035205,0.1923440116370508,0.01899316553515452,4345.709898690789,130.5333448007041,384.6880232741016,37.98633107030904,2.4494587989179517,4898.9175978359035
1990,25 to 34 Years,37322.87041564792,18.66143520782396,293621.8711652529,7789.319804046352,32831.67188066548,1876.8632401841944,0.19296602978611346,0.1702485292352023,0.1823906539393076,0.12325986078886311,56659.046737128556,5304.480961526103,5988.190104235354,231.34190170483836,1.518078489305415,0.14212414271604779,0.1604429144261304,0.006198395223317185,3036.15697861083,284.2482854320956,320.88582885226083,12.39679044663437,1.8268439416709101,3653.6878833418205
1990,35 to 44 Years,48478.91181988743,24.239455909943715,293621.8711652529,7789.319804046352,32831.67188066548,1876.8632401841944,0.22214500980191357,0.17349021491175412,0.22198318848838866,0.19170533642691415,65226.6334480613,5405.483067281537,7288.079207474696,359.80469888681915,1.3454640584837443,0.11150174095005272,0.15033504123508232,0.0074218806771817235,2690.9281169674887,223.00348190010544,300.67008247016463,14.843761354363448,1.614722721346061,3229.445442692122
1990,45 to 54 Years,49377.60718660678,24.68880359330339,293621.8711652529,7789.319804046352,32831.67188066548,1876.8632401841944,0.22491002721128245,0.3819185976707888,0.24482119960108278,0.21745295179169888,66038.50303360469,11899.544385482744,8037.889294733661,408.12945168738537,1.337418048307473,0.24099070537201703,0.1627840989612365,0.00826547649716989,2674.8360966149457,481.98141074403406,325.568197922473,16.530952994339778,1.7494583291378965,3498.916658275793
1990,55 to 64 Years,37063.54753001378,18.53177376500689,293621.8711652529,7789.319804046352,32831.67188066548,1876.8632401841944,0.1976402258829037,0.22283587465482052,0.21491665479413022,0.21626063418406805,58031.49294126143,6942.959566003136,7056.073091891136,405.89163459899873,1.565729586307624,0.1873258235839616,0.19037770429765746,0.010951235422629494,3131.459172615248,374.6516471679232,380.7554085953149,21.90247084525899,1.9543843496118727,3908.7686992237454
1990,65 Years and Older,23197.9892400807,11.59899462004035,293621.8711652529,7789.319804046352,32831.67188066548,1876.8632401841944,0.16233870731778682,0.05150678352743426,0.13588830317709075,0.25132121680845576,47666.195005196896,1604.8112358918886,4461.440182330636,471.6955533061527,2.0547554579791276,0.06917889388098991,0.1923201246521104,0.02033346719944042,4109.510915958255,138.35778776197984,384.6402493042208,40.66693439888084,2.3365879437116686,4673.175887423337
1991,25 to 34 Years,36597.907783837385,18.298953891918693,276337.15557119256,8483.165205175177,34071.19820784602,2040.657672518435,0.19296602978611346,0.1702485292352023,0.1823906539393076,0.12325986078886311,53323.68379296061,5776.985597761269,6214.2681216248,251.5311806323477,1.4570145405008583,0.15785015995675414,0.16979845291509224,0.00687282951030962,2914.029081001717,315.7003199135083,339.5969058301845,13.74565902061924,1.7915359828830142,3583.0719657660284
1991,35 to 44 Years,46958.96397580857,23.479481987904283,276337.15557119256,8483.165205175177,34071.19820784602,2040.657672518435,0.22214500980191357,0.17349021491175412,0.22198318848838866,0.19170533642691415,61386.92013299549,5886.984618311025,7563.233213797533,391.2049656423102,1.30724604922331,0.12536444844361921,0.16106047862754844,0.00833078357188297,2614.49209844662,250.72889688723842,322.12095725509687,16.66156714376594,1.6020017598663605,3204.003519732721
1991,45 to 54 Years,48993.239164086684,24.49661958204334,276337.15557119256,8483.165205175177,34071.19820784602,2040.657672518435,0.22491002721128245,0.3819185976707888,0.24482119960108278,0.21745295179169888,62150.99717900531,12959.514235880531,8341.351617091124,443.7470344855117,1.2685627290502484,0.26451637934117633,0.1702551568218325,0.009057311622106214,2537.125458100497,529.0327586823527,340.51031364366503,18.114623244212428,1.7123915768353632,3424.7831536707263
1991,55 to 64 Years,36986.4298180005,18.49321490900025,276337.15557119256,8483.165205175177,34071.19820784602,2040.657672518435,0.1976402258829037,0.22283587465482052,0.21491665479413022,0.21626063418406805,54615.3378469296,7561.4141533462025,7322.467943658032,441.313922411421,1.476631784026624,0.20443752453409886,0.19797714944885933,0.011931779427833368,2953.263568053248,408.8750490681977,395.9542988977187,23.863558855666735,1.8909782374374156,3781.956474874831
1991,65 Years and Older,22738.843357567745,11.369421678783873,276337.15557119256,8483.165205175177,34071.19820784602,2040.657672518435,0.16233870731778682,0.05150678352743426,0.13588830317709075,0.25132121680845576,44860.21661930155,1747.7622154016813,4629.877311674531,512.8605693468443,1.9728451405322498,0.07686240623228562,0.20361094180868505,0.022554382440747957,3945.6902810644997,153.72481246457124,407.2218836173701,45.108764881495915,2.2758728710139686,4551.745742027937
1992,25 to 34 Years,36317.31707317073,18.158658536585364,271343.26270934794,9242.035521425769,34943.37400533487,2191.002708649277,0.19296602978611346,0.1702485292352023,0.1823906539393076,0.12325986078886311,52360.03211423325,6293.771818648933,6373.3448356788285,270.0626888561319,1.441737340033689,0.17329947049691155,0.1754905193805495,0.007436196024943693,2883.474680067378,346.5989409938231,350.981038761099,14.872392049887386,1.7979635259360935,3595.927051872187
1992,35 to 44 Years,46291.25064069708,23.14562532034854,271343.26270934794,9242.035521425769,34943.37400533487,2191.002708649277,0.22214500980191357,0.17349021491175412,0.22198318848838866,0.19170533642691415,60277.551754251304,6413.610915336889,7756.84157824651,420.0269113738898,1.3021370328080557,0.13854909570531987,0.16756604046957982,0.009073570179255905,2604.2740656161113,277.09819141063974,335.13208093915966,18.14714035851181,1.6173257391622113,3234.651478324423
1992,45 to 54 Years,49564.50631031923,24.782253155159616,271343.26270934794,9242.035521425769,34943.37400533487,2191.002708649277,0.22491002721128245,0.3819185976707888,0.24482119960108278,0.21745295179169888,61027.820599557606,14118.820983866188,8554.878742095376,476.44000637939286,1.2312807115936457,0.2848574924860429,0.1726009069581768,0.009612523998452478,2462.5614231872914,569.7149849720859,345.20181391635356,19.225047996904955,1.6983516350363181,3396.7032700726363
1992,55 to 64 Years,36462.61315816484,18.231306579082418,271343.26270934794,9242.035521425769,34943.37400533487,2191.002708649277,0.1976402258829037,0.22283587465482052,0.21491665479413022,0.21626063418406805,53628.343733679605,8237.828276031325,7509.913048446737,473.8276352715035,1.4707762030399336,0.22592534002699918,0.20596200869835601,0.012994889675519658,2941.552406079867,451.85068005399836,411.92401739671203,25.989779351039317,1.9156584414408084,3831.316882881617
1992,65 Years and Older,22290.04651162791,11.145023255813955,271343.26270934794,9242.035521425769,34943.37400533487,2191.002708649277,0.16233870731778682,0.05150678352743426,0.13588830317709075,0.25132121680845576,44049.514507626176,1904.1100918197405,4748.395800867416,550.6454667683588,1.9761966169360456,0.0854242314311204,0.2130276308930244,0.02470364817234038,3952.3932338720915,170.8484628622408,426.0552617860488,49.40729634468076,2.2993521274325306,4598.704254865062
1993,25 to 34 Years,36162.306918239,18.081153459119502,274692.6155177386,9988.34420634602,35898.9361193795,2321.7500531694536,0.19296602978611346,0.1702485292352023,0.1823906539393076,0.12325986078886311,53006.34342802136,6802.003642501457,6547.630434539055,286.1785883402024,1.4657898775060398,0.1880965077222649,0.18106229918746305,0.007913725996166023,2931.5797550120797,376.1930154445298,362.1245983749261,15.827451992332046,1.842862410411934,3685.724820823868
1993,35 to 44 Years,46447.79151943463,23.223895759717315,274692.6155177386,9988.34420634602,35898.9361193795,2321.7500531694536,0.22214500980191357,0.17349021491175412,0.22198318848838866,0.19170533642691415,61021.59376670132,6931.519931886181,7968.960303120843,445.0918750420559,1.3137673885133752,0.14923249750175752,0.1715681207315633,0.009582627300069178,2627.5347770267504,298.464995003515,343.1362414631266,19.165254600138354,1.6441506340467653,3288.301268093531
1993,45 to 54 Years,49704.11534353862,24.852057671769312,274692.6155177386,9988.34420634602,35898.9361193795,2321.7500531694536,0.22491002721128245,0.3819185976707888,0.24482119960108278,0.21745295179169888,61781.12363083294,15258.937649363279,8788.820605149129,504.8714023842315,1.2429780351953148,0.30699545789917965,0.17682279514289048,0.010157537235995957,2485.9560703906295,613.9909157983593,353.64559028578094,20.315074471991913,1.7369538254733807,3473.9076509467614
1993,55 to 64 Years,35815.884448969206,17.907942224484604,274692.6155177386,9988.34420634602,35898.9361193795,2321.7500531694536,0.1976402258829037,0.22283587465482052,0.21491665479413022,0.21626063418406805,54290.31057929148,8903.0456702981,7715.279261445216,502.10313891531973,1.515816554988187,0.24857813250384025,0.21541501431963841,0.014019007114866054,3031.633109976374,497.15626500768053,430.8300286392768,28.03801422973211,1.9938287089265319,3987.6574178530636
1993,65 Years and Older,22469.71551438968,11.23485775719484,274692.6155177386,9988.34420634602,35898.9361193795,2321.7500531694536,0.16233870731778682,0.05150678352743426,0.13588830317709075,0.25132121680845576,44593.244112891516,2057.8699313350667,4878.245515125254,583.505048487644,1.9845931776187309,0.09158415601733809,0.21710312762977393,0.025968510732321707,3969.1863552374616,183.16831203467618,434.20625525954785,51.937021464643415,2.3192489719981646,4638.497943996329
1994,25 to 34 Years,36971.93103448276,18.48596551724138,276018.6614100185,10633.42092113352,37208.32665772839,2432.7075718474875,0.19296602978611346,0.1702485292352023,0.1823906539393076,0.12325986078886311,53262.2252391688,7241.297090247248,6786.451031090452,299.85519664593454,1.4406124794913338,0.1958593150975392,0.1835568454555675,0.008110347181116057,2881.2249589826674,391.7186301950784,367.113690911135,16.220694362232113,1.8281389872255565,3656.277974451113
1994,35 to 44 Years,46141.500493583415,23.070750246791707,276018.6614100185,10633.42092113352,37208.32665772839,2432.7075718474875,0.22214500980191357,0.17349021491175412,0.22198318848838866,0.19170533642691415,61316.16824443962,7379.177923418388,8259.622989800057,466.363023489324,1.3288724377952652,0.15992496655899952,0.1790063804047436,0.010107235753076083,2657.7448755905302,319.84993311799906,358.0127608094872,20.214471506152165,1.6779110205120842,3355.8220410241684
1994,45 to 54 Years,51073.90742001362,25.53695371000681,276018.6614100185,10633.42092113352,37208.32665772839,2432.7075718474875,0.22491002721128245,0.3819185976707888,0.24482119960108278,0.21745295179169888,62079.36464854902,16244.404826570164,9109.387167494011,528.9994423442525,1.2154810114297785,0.31805682484760694,0.1783569659666267,0.01035752831664023,2430.962022859557,636.1136496952139,356.7139319332534,20.715056633280458,1.7222523305606523,3444.5046611213047
1994,55 to 64 Years,36956.1533764185,18.47807668820925,276018.6614100185,10633.42092113352,37208.32665772839,2432.7075718474875,0.1976402258829037,0.22283587465482052,0.21491665479413022,0.21626063418406805,54552.390588972776,9478.030606134622,7996.6890957662445,526.098882272122,1.4761382234056406,0.2564669139018807,0.21638315585271067,0.014235758708800643,2952.2764468112814,512.9338278037613,432.76631170542134,28.471517417601284,1.9632240518690327,3926.4481037380656
1994,65 Years and Older,22752.98239895697,11.376491199478485,276018.6614100185,10633.42092113352,37208.32665772839,2432.7075718474875,0.16233870731778682,0.05150678352743426,0.13588830317709075,0.25132121680845576,44808.512688888295,2190.7732381636592,5056.176373577623,611.3910270958544,1.9693467829053646,0.09628510231098704,0.2222203790659727,0.02687080824726878,3938.693565810729,192.57020462197409,444.4407581319454,53.74161649453756,2.314723072529593,4629.446145059186
1995,25 to 34 Years,37727.57276507277,18.863786382536386,274765.0685497101,11253.743833005354,38118.81508714827,2541.359479747796,0.19296602978611346,0.1702485292352023,0.1823906539393076,0.12325986078886311,53020.32440194686,7663.733343835559,6952.515611136518,313.2476156881709,1.405346819741124,0.20313348519813734,0.18428208075906172,0.008302882818323462,2810.6936394822483,406.2669703962747,368.56416151812346,16.605765636646925,1.8010652685166466,3602.1305370332934
1995,35 to 44 Years,46931.12781954887,23.465563909774435,274765.0685497101,11253.743833005354,38118.81508714827,2541.359479747796,0.22214500980191357,0.17349021491175412,0.22198318848838866,0.19170533642691415,61037.688846198806,7809.657744599705,8461.736114444468,487.1921740467787,1.3005800559681826,0.1664067774937776,0.1803011456911927,0.010381002901103132,2601.1601119363654,332.8135549875552,360.60229138238543,20.762005802206264,1.657668982054256,3315.337964108512
1995,45 to 54 Years,51014.55755156354,25.50727877578177,274765.0685497101,11253.743833005354,38118.81508714827,2541.359479747796,0.22491002721128245,0.3819185976707888,0.24482119960108278,0.21745295179169888,61797.419044225186,17192.05625299077,9332.294037007492,552.6261204349744,1.2113683232822856,0.33700294735701086,0.18293394052422723,0.010832714169409414,2422.7366465645714,674.0058947140217,365.8678810484545,21.665428338818828,1.742137925332933,3484.275850665866
1995,55 to 64 Years,39557.20324057767,19.778601620288836,274765.0685497101,11253.743833005354,38118.81508714827,2541.359479747796,0.1976402258829037,0.22283587465482052,0.21491665479413022,0.21626063418406805,54304.63021289622,10030.951400676162,8192.368223245929,549.5960127799516,1.37281268047764,0.25358090509256326,0.20710180579304,0.01389370248036589,2745.62536095528,507.1618101851265,414.20361158608,27.78740496073178,1.847389093843609,3694.778187687218
1995,65 Years and Older,23711.62162162162,11.85581081081081,274765.0685497101,11253.743833005354,38118.81508714827,2541.359479747796,0.16233870731778682,0.05150678352743426,0.13588830317709075,0.25132121680845576,44605.00604444302,2318.57658991922,5179.901101313865,638.6975567979201,1.881145320055614,0.09778228696956806,0.21845410592207382,0.026936055533861882,3762.290640111228,195.56457393913612,436.9082118441476,53.872111067723765,2.224317768481118,4448.635536962236
1996,25 to 34 Years,39039.04044409199,19.519520222045994,280490.0151418553,11843.77104578636,38853.51614653164,2631.4704343105623,0.19296602978611346,0.1702485292352023,0.1823906539393076,0.12325986078886311,54125.04461657066,8065.538404574407,7086.518217807353,324.35467940312907,1.3864337852792108,0.2066018609275273,0.18152388319984433,0.008308469565681029,2772.8675705584214,413.2037218550546,363.04776639968867,16.616939131362056,1.7828679989722633,3565.735997944527
1996,35 to 44 Years,47470.602582496416,23.73530129124821,280490.0151418553,11843.77104578636,38853.51614653164,2631.4704343105623,0.22214500980191357,0.17349021491175412,0.22198318848838866,0.19170533642691415,62309.45716302633,8219.113536396346,8624.827398192185,504.4669249069842,1.3125903985470235,0.17314112501759008,0.1816877589283514,0.01062693324843097,2625.180797094047,346.28225003518014,363.3755178567028,21.25386649686194,1.678046215741396,3356.092431482792
1996,45 to 54 Years,51695.658396946565,25.84782919847328,280490.0151418553,11843.77104578636,38853.51614653164,2631.4704343105623,0.22491002721128245,0.3819185976707888,0.24482119960108278,0.21745295179169888,63085.016938047695,18093.42571576247,9512.164431713916,572.2210134934156,1.2203155718348264,0.34999894143588606,0.18400315861487815,0.011069034252346696,2440.631143669653,699.9978828717722,368.0063172297563,22.13806850469339,1.7653867061379374,3530.7734122758748
1996,55 to 64 Years,39849.36787872783,19.924683939363916,280490.0151418553,11843.77104578636,38853.51614653164,2631.4704343105623,0.1976402258829037,0.22283587465482052,0.21491665479413022,0.21626063418406805,55436.109950535356,10556.868320796968,8350.267717202305,569.0834649606272,1.3911415136933187,0.26491934208151835,0.20954580114330493,0.014280865550803684,2782.2830273866375,529.8386841630366,419.0916022866098,28.561731101607368,1.8798875224689457,3759.7750449378914
1996,65 Years and Older,23561.92307692308,11.780961538461542,280490.0151418553,11843.77104578636,38853.51614653164,2631.4704343105623,0.16233870731778682,0.05150678352743426,0.13588830317709075,0.25132121680845576,45534.38647367524,2440.138205615247,5279.738381615883,661.3443515464061,1.9325411735289268,0.10356277786192913,0.22407926400485287,0.02806835203507379,3865.082347057854,207.12555572385827,448.1585280097057,56.13670407014758,2.2882515674307826,4576.503134861565
1997,25 to 34 Years,40107.48244192328,20.05374122096164,283365.4708752985,12430.103661117271,39011.27404271825,2704.385375156128,0.19296602978611346,0.1702485292352023,0.1823906539393076,0.12325986078886311,54679.90989327891,8464.827466185276,7115.291783656918,333.34216486118163,1.3633343846115722,0.21105357282004858,0.1774055949275812,0.008311221362344797,2726.6687692231444,422.10714564009714,354.8111898551624,16.622442724689595,1.760104773721547,3520.209547443094
1997,35 to 44 Years,47374.059616749466,23.68702980837473,283365.4708752985,12430.103661117271,39011.27404271825,2704.385375156128,0.22214500980191357,0.17349021491175412,0.22198318848838866,0.19170533642691415,62948.225305117034,8626.005422170469,8659.846998996909,518.4451081723319,1.3287488092504784,0.1820828844298722,0.18279723268501888,0.010943649591495672,2657.497618500957,364.1657688597444,365.59446537003777,21.88729918299134,1.704572575956865,3409.14515191373
1997,45 to 54 Years,53200.53654024052,26.60026827012026,283365.4708752985,12430.103661117271,39011.27404271825,2704.385375156128,0.22491002721128245,0.3819185976707888,0.24482119960108278,0.21745295179169888,63731.735765301244,18989.151036625783,9550.786909104865,588.076582610001,1.1979528762288891,0.35693532944470435,0.17952425915630973,0.011053959618718955,2395.9057524577784,713.8706588894087,359.0485183126195,22.10791923743791,1.7454664244486222,3490.9328488972446
1997,55 to 64 Years,41481.94086790653,20.740970433953265,283365.4708752985,12430.103661117271,39011.27404271825,2704.385375156128,0.1976402258829037,0.22283587465482052,0.21491665479413022,0.21626063418406805,56004.41567120936,11079.492085500615,8384.17251651809,584.852096309383,1.3500914976362275,0.26709194058160673,0.20211620625988358,0.014098956897213733,2700.182995272455,534.1838811632134,404.23241251976714,28.197913794427468,1.8333986013749315,3666.797202749863
1997,65 Years and Older,24391.02229299363,12.195511146496816,283365.4708752985,12430.103661117271,39011.27404271825,2704.385375156128,0.16233870731778682,0.05150678352743426,0.13588830317709075,0.25132121680845576,46001.18424039193,2560.9386339869416,5301.175834441468,679.6694232032302,1.8859883643993822,0.10499513317744685,0.21734127297994563,0.02786555704958978,3771.9767287987643,209.99026635489372,434.68254595989123,55.73111409917956,2.2361903276063644,4472.380655212729
1998,25 to 34 Years,41998.060941828255,20.99903047091413,292360.3660600174,13045.623596303973,38792.66667228823,2791.2300477837834,0.19296602978611346,0.1702485292352023,0.1823906539393076,0.12325986078886311,56415.61910541635,8883.992920907209,7075.419842408233,344.0466271195209,1.34329104344979,0.2115334070592563,0.16847015513902977,0.008191964567032316,2686.58208689958,423.0668141185126,336.94031027805954,16.383929134064633,1.7314865702151083,3462.9731404302165
1998,35 to 44 Years,50245.27875793931,25.122639378969655,292360.3660600174,13045.623596303973,38792.66667228823,2791.2300477837834,0.22214500980191357,0.17349021491175412,0.22198318848838866,0.19170533642691415,64946.3963840936,9053.152165522508,8611.31983788179,535.0936953553019,1.2925870447844086,0.18017916089463448,0.17138565156275715,0.010649631340153549,2585.174089568817,360.358321789269,342.7713031255143,21.2992626803071,1.654801488581954,3309.602977163908
1998,45 to 54 Years,54573.6158861885,27.28680794309425,292360.3660600174,13045.623596303973,38792.66667228823,2791.2300477837834,0.22491002721128245,0.3819185976707888,0.24482119960108278,0.21745295179169888,65754.777886059,19929.465078565463,9497.267190434548,606.9612130202685,1.20488219111573,0.36518498462934385,0.17402671668743355,0.011121880109356623,2409.76438223146,730.3699692586877,348.0534333748671,22.24376021871325,1.755215772541864,3510.431545083728
1998,55 to 64 Years,42611.12702078522,21.30556351039261,292360.3660600174,13045.623596303973,38792.66667228823,2791.2300477837834,0.1976402258829037,0.22283587465482052,0.21491665479413022,0.21626063418406805,57782.16878731025,11628.131777999844,8337.190151751929,603.6331802873476,1.3560347455519017,0.2728895617411803,0.19565758370308167,0.014166092814041324,2712.0694911038036,545.7791234823605,391.31516740616337,28.332185628082648,1.838747983810205,3677.49596762041
1998,65 Years and Older,24855.866203849797,12.427933101924898,292360.3660600174,13045.623596303973,38792.66667228823,2791.2300477837834,0.16233870731778682,0.05150678352743426,0.13588830317709075,0.25132121680845576,47461.403897138174,2687.752442220869,5271.469649811727,701.4953320013445,1.9094648928302937,0.10813352550974775,0.21208151052065352,0.028222526072846883,3818.9297856605876,216.2670510194955,424.16302104130705,56.445052145693765,2.257902454933542,4515.8049098670845
1999,25 to 34 Years,43277.07591120855,21.638537955604274,301542.39494221815,13671.118944605943,38634.90877610161,2888.449968911203,0.19296602978611346,0.1702485292352023,0.1823906539393076,0.12325986078886311,58187.43876419606,9309.951573274693,7046.646276558667,356.02994106359085,1.3445325854172554,0.21512432106956333,0.16282630302972062,0.008226755934112933,2689.065170834511,430.2486421391267,325.65260605944127,16.453511868225867,1.7307099654506521,3461.4199309013043
1999,35 to 44 Years,50561.70162620787,25.280850813103935,301542.39494221815,13671.118944605943,38634.90877610161,2888.449968911203,0.22214500980191357,0.17349021491175412,0.22198318848838866,0.19170533642691415,66986.13828013155,9487.221455135354,8576.300237077066,553.7312730424319,1.3248394758417372,0.18763651439724885,0.16962048272188046,0.010951594887688945,2649.678951683474,375.2730287944977,339.2409654437609,21.90318977537789,1.6930480678485555,3386.096135697111
1999,45 to 54 Years,55986.29795575469,27.993148977877347,301542.39494221815,13671.118944605943,38634.90877610161,2888.449968911203,0.22491002721128245,0.3819185976707888,0.24482119960108278,0.21745295179169888,67819.90825180957,20885.018303657824,9458.644713043597,628.101971842382,1.2113661865159728,0.37303803012949716,0.16894570740359816,0.011218851661504098,2422.732373031946,746.0760602589943,337.8914148071963,22.437703323008197,1.7645687757105721,3529.137551421144
1999,55 to 64 Years,43420.454746136864,21.71022737306843,301542.39494221815,13671.118944605943,38634.90877610161,2888.449968911203,0.1976402258829037,0.22283587465482052,0.21491665479413022,0.21626063418406805,59596.90704965175,12185.66299012541,8303.285352436142,624.6580220856885,1.3725537283773868,0.28064337560190045,0.1912298109492943,0.014386261630326766,2745.1074567547735,561.2867512038009,382.45962189858864,28.772523260653532,1.8588131765589082,3717.6263531178165
1999,65 Years and Older,25610.397067806964,12.805198533903482,301542.39494221815,13671.118944605943,38634.90877610161,2888.449968911203,0.16233870731778682,0.05150678352743426,0.13588830317709075,0.25132121680845576,48952.002596429236,2816.6214562304954,5250.03219698614,725.9287608771098,1.9114113095092684,0.10997960901477287,0.2049961264983895,0.02834508027950976,3822.822619018537,219.95921802954575,409.992252996779,56.690160559019525,2.25473212530194,4509.46425060388
2000,25 to 34 Years,44074.9324137931,22.037466206896553,305218.14184088266,14361.269748284672,38605.610881095534,3005.940051459459,0.19296602978611346,0.1702485292352023,0.1823906539393076,0.12325986078886311,58896.73304972997,9779.94021038188,7041.302614329463,370.51175228256096,1.33628640644945,0.2218934817316085,0.15975753628440983,0.008406405455238101,2672.5728128989,443.786963463217,319.5150725688197,16.812810910476202,1.7263438299207066,3452.6876598414133
2000,35 to 44 Years,51477.305785123965,25.738652892561984,305218.14184088266,14361.269748284672,38605.610881095534,3005.940051459459,0.22214500980191357,0.17349021491175412,0.22198318848838866,0.19170533642691415,67802.68711096472,9966.159100142324,8569.796596927617,576.2547488441712,1.3171374468194974,0.19360296635847574,0.166477177976244,0.011194345548105564,2634.274893638995,387.20593271695145,332.954355952488,22.38869109621113,1.6884119367023227,3376.8238734046454
2000,45 to 54 Years,55415.116594360086,27.707558297180043,305218.14184088266,14361.269748284672,38605.610881095534,3005.940051459459,0.22491002721128245,0.3819185976707888,0.24482119960108278,0.21745295179169888,68646.62058680998,21939.344012147216,9451.471967242423,653.6505370987506,1.2387706605276103,0.39590901112315097,0.17055764831151424,0.011795527597342932,2477.5413210552206,791.8180222463019,341.1152966230285,23.591055194685865,1.8170328475596185,3634.065695119237
2000,55 to 64 Years,43465.29386343993,21.732646931719966,305218.14184088266,14361.269748284672,38605.610881095534,3005.940051459459,0.1976402258829037,0.22283587465482052,0.21491665479413022,0.21626063418406805,60323.38249699219,12800.824422051317,8296.988746848927,650.0665018479127,1.3878517119087546,0.29450679574994215,0.19088767173452365,0.014955990034032756,2775.7034238175092,589.0135914998843,381.7753434690473,29.911980068065514,1.888202169427253,3776.404338854506
2000,65 Years and Older,24915.916007303716,12.457958003651859,305218.14184088266,14361.269748284672,38605.610881095534,3005.940051459459,0.16233870731778682,0.05150678352743426,0.13588830317709075,0.25132121680845576,49548.71859638579,2958.811248415956,5246.050955747103,755.4565113860633,1.9886372462429778,0.1187518551414536,0.21055019426977134,0.030320238323351744,3977.2744924859558,237.5037102829072,421.1003885395427,60.64047664670349,2.3482595339775547,4696.51906795511
2001,25 to 34 Years,43704.27855153204,21.85213927576602,306661.54207454814,15119.401145045244,38432.07719529026,3144.4688323544588,0.19296602978611346,0.1702485292352023,0.1823906539393076,0.12325986078886311,59175.260262212745,10296.223231443946,7009.65169189494,387.58679053092953,1.3539923829754734,0.23558844975106022,0.160388225688929,0.008868394660122876,2707.984765950947,471.1768995021204,320.776451377858,17.73678932024575,1.7588374530755857,3517.6749061511714
2001,35 to 44 Years,51005.00239120038,25.502501195600193,306661.54207454814,15119.401145045244,38432.07719529026,3144.4688323544588,0.22214500980191357,0.17349021491175412,0.22198318848838866,0.19170533642691415,68123.33127002043,10492.272615963682,8531.275036042422,602.8114553904575,1.335620587712655,0.2057106582505299,0.16726349644313077,0.011818673211050712,2671.24117542531,411.4213165010598,334.52699288626155,23.637346422101423,1.7204134156173665,3440.826831234733
2001,45 to 54 Years,54567.70811099253,27.283854055496263,306661.54207454814,15119.401145045244,38432.07719529026,3144.4688323544588,0.22491002721128245,0.3819185976707888,0.24482119960108278,0.21745295179169888,68971.25577264046,23097.52193175119,9408.987242112378,683.7740294124737,1.263957350606528,0.42328187734713113,0.1724277520135936,0.012530744887097964,2527.914701213056,846.5637546942622,344.8555040271872,25.06148977419593,1.8721977248543507,3744.395449708701
2001,55 to 64 Years,44450.41871921183,22.225209359605916,306661.54207454814,15119.401145045244,38432.07719529026,3144.4688323544588,0.1976402258829037,0.22283587465482052,0.21491665479413022,0.21626063418406805,60608.65644521327,13476.579913653008,8259.69346760156,680.0248238570111,1.3635114851914256,0.3031822939347998,0.18581812512896878,0.015298502094044366,2727.0229703828513,606.3645878695995,371.63625025793755,30.597004188088732,1.8678104063492385,3735.620812698477
2001,65 Years and Older,24850.112427833486,12.425056213916744,306661.54207454814,15119.401145045244,38432.07719529026,3144.4688323544588,0.16233870731778682,0.05150678352743426,0.13588830317709075,0.25132121680845576,49783.03832446124,3115.0068873691484,5222.469757638958,790.2717331635866,2.0033325188783255,0.12535182270966994,0.21015879798553772,0.03180153552458133,4006.665037756651,250.70364541933986,420.31759597107543,63.60307104916266,2.3706446750981143,4741.289350196229
2002,25 to 34 Years,43486.32075471698,21.74316037735849,324413.9831596016,16051.548081705536,37861.89508478721,3292.796459054792,0.19296602978611346,0.1702485292352023,0.1823906539393076,0.12325986078886311,62600.87833740739,10931.009811434002,6905.6558038957955,405.8696331491551,1.4395533411645787,0.25136662798147413,0.15880064544542402,0.009333271385235098,2879.106682329157,502.73325596294825,317.601290890848,18.666542770470194,1.8590538859767118,3718.1077719534237
2002,35 to 44 Years,49876.8917289607,24.93844586448035,324413.9831596016,16051.548081705536,37861.89508478721,3292.796459054792,0.22214500980191357,0.17349021491175412,0.22198318848838866,0.19170533642691415,72066.94746886751,11139.146105445792,8404.704193133915,631.2466529684506,1.4448965236344569,0.22333280441727923,0.16850898084841517,0.01265609445750448,2889.7930472689136,446.6656088345585,337.01796169683035,25.31218891500896,1.849394403357656,3698.7888067153117
2002,45 to 54 Years,54568.85444035733,27.284427220178667,324413.9831596016,16051.548081705536,37861.89508478721,3292.796459054792,0.22491002721128245,0.3819185976707888,0.24482119960108278,0.21745295179169888,72963.95778014652,24521.53893524087,9269.394573827945,716.0283096707185,1.3370989464309657,0.44936876881009885,0.169866028321324,0.01312155655481687,2674.1978928619315,898.7375376201977,339.732056642648,26.243113109633743,1.9694553001172055,3938.910600234411
2002,55 to 64 Years,45680.957943925234,22.840478971962618,324413.9831596016,16051.548081705536,37861.89508478721,3292.796459054792,0.1976402258829037,0.22283587465482052,0.21491665479413022,0.21626063418406805,64117.25291123617,14307.443025403038,8137.151835788789,712.102250474243,1.4035881863498145,0.31320365573256714,0.17813006123421032,0.015588601520755545,2807.176372699629,626.4073114651343,356.26012246842066,31.177203041511092,1.9105105048373476,3821.021009674695
2002,65 Years and Older,24517.173717371737,12.258586858685868,324413.9831596016,16051.548081705536,37861.89508478721,3292.796459054792,0.16233870731778682,0.05150678352743426,0.13588830317709075,0.25132121680845576,52664.946661943985,3307.054449298439,5144.988678140767,827.5496127922248,2.148083921460655,0.13488726259484032,0.20985243802776768,0.033753874827988896,4296.16784292131,269.7745251896807,419.70487605553535,67.50774965597779,2.526577496911252,5053.154993822504
2003,25 to 34 Years,42803.90625,21.401953125,327614.7702151755,17139.976490505065,37280.44455312798,3424.504474732353,0.19296602978611346,0.1702485292352023,0.1823906539393076,0.12325986078886311,63218.52150771228,11672.223154537727,6799.60466119311,422.10394482634865,1.4769334634666031,0.272690606468603,0.15885476950349853,0.009861341681317897,2953.8669269332063,545.381212937206,317.70953900699703,19.722683362635795,1.9183401811200225,3836.680362240045
2003,35 to 44 Years,50930.11767590096,25.46505883795048,327614.7702151755,17139.976490505065,37280.44455312798,3424.504474732353,0.22214500980191357,0.17349021491175412,0.22198318848838866,0.19170533642691415,72777.98634070183,11894.472819680548,8275.63195016793,656.4957824240387,1.4289773843412659,0.23354497029384946,0.1624899436288517,0.012890128913538293,2857.9547686825317,467.08994058769895,324.97988725770335,25.780257827076586,1.8379024271775053,3675.804854355011
2003,45 to 54 Years,55005.64566115703,27.502822830578516,327614.7702151755,17139.976490505065,37280.44455312798,3424.504474732353,0.22491002721128245,0.3819185976707888,0.24482119960108278,0.21745295179169888,73683.84688391317,26184.30314145593,9127.043157158445,744.6686064544315,1.3395688024065135,0.4760293752891319,0.16592920685600873,0.013538039550370902,2679.137604813027,952.0587505782638,331.85841371201747,27.076079100741804,1.995065424102025,3990.13084820405
2003,55 to 64 Years,47773.94419306184,23.886972096530922,327614.7702151755,17139.976490505065,37280.44455312798,3424.504474732353,0.1976402258829037,0.22283587465482052,0.21491665479413022,0.21626063418406805,64749.85718790288,15277.606611299028,8012.188432596317,740.5855094717975,1.3553383184406707,0.3197895185199672,0.16771042391262136,0.015501870778744535,2710.6766368813414,639.5790370399344,335.42084782524273,31.00374155748907,1.8583401316520038,3716.680263304008
2003,65 Years and Older,25095.4351687389,12.54771758436945,327614.7702151755,17139.976490505065,37280.44455312798,3424.504474732353,0.16233870731778682,0.05150678352743426,0.13588830317709075,0.25132121680845576,53184.55829494536,3531.3002350470274,5065.976352012176,860.6506315557366,2.119292131709944,0.14071484360812872,0.2018684401345949,0.034295106889711935,4238.584263419888,281.42968721625743,403.7368802691898,68.59021377942386,2.4961705223423793,4992.341044684758
2004,25 to 34 Years,42202.61392228124,21.101306961140622,362293.579767052,18365.843924448327,37066.34455116044,3575.3298464418885,0.19296602978611346,0.1702485292352023,0.1823906539393076,0.12325986078886311,69910.35370464664,12507.031665202416,6760.554821825843,440.6946591466945,1.6565408444460556,0.29635680122171815,0.16019279834836364,0.010442354588705367,3313.0816888921113,592.7136024434363,320.3855966967273,20.884709177410734,2.1235327986048427,4247.065597209686
2004,35 to 44 Years,51514.47583643123,25.757237918215615,362293.579767052,18365.843924448327,37066.34455116044,3575.3298464418885,0.22214500980191357,0.17349021491175412,0.22198318848838866,0.19170533642691415,80481.71082852213,12745.176837953095,8228.105349075806,685.4098110493295,1.5623125252029677,0.2474096189665519,0.1597241399718729,0.01330518849159298,3124.6250504059353,494.8192379331038,319.44827994374583,26.61037698318596,1.9827514726329856,3965.502945265971
2004,45 to 54 Years,53800.761614623,26.9003808073115,362293.579767052,18365.843924448327,37066.34455116044,3575.3298464418885,0.22491002721128245,0.3819185976707888,0.24482119960108278,0.21745295179169888,81483.4588838806,28057.029426663525,9074.626937842157,777.4660287377501,1.514540992329251,0.5214987406244757,0.16867097538217157,0.014450836854444,3029.081984658502,1042.9974812489513,337.34195076434315,28.901673708888,2.2191615451903424,4438.323090380684
2004,55 to 64 Years,47166.99421965318,23.583497109826588,362293.579767052,18365.843924448327,37066.34455116044,3575.3298464418885,0.1976402258829037,0.22283587465482052,0.21491665479413022,0.21626063418406805,71603.78494108595,16370.275578713457,7966.174776382038,773.2031000087494,1.5180909050009093,0.3470705702059008,0.16889299197833457,0.016392884744955344,3036.1818100018186,694.1411404118016,337.78598395666916,32.785769489910685,2.0504473519301,4100.8947038602
2004,65 Years and Older,25265.798712697484,12.632899356348743,362293.579767052,18365.843924448327,37066.34455116044,3575.3298464418885,0.16233870731778682,0.05150678352743426,0.13588830317709075,0.25132121680845576,58814.27140891671,3783.862189260815,5036.882666034595,898.5562474993648,2.3278215772121715,0.14976222332362726,0.19935576639828442,0.03556413386004654,4655.643154424343,299.52444664725454,398.71153279656886,71.12826772009308,2.7125037007941297,5425.007401588259
2005,25 to 34 Years,41727.474972191325,20.863737486095662,379960.3679539151,19544.420511030305,37296.220342746645,3726.155218151423,0.19296602978611346,0.1702485292352023,0.1823906539393076,0.12325986078886311,73319.44368013782,13309.635387028922,6802.4820177780675,459.28537346704024,1.7571023343492629,0.31896575088473333,0.16302165473255892,0.01100678566755176,3514.204668698526,637.9315017694666,326.04330946511783,22.01357133510352,2.250096525634107,4500.193051268214
2005,35 to 44 Years,51222.79661016949,25.611398305084744,379960.3679539151,19544.420511030305,37296.220342746645,3726.155218151423,0.22214500980191357,0.17349021491175412,0.22198318848838866,0.19170533642691415,84406.29966346115,13563.062859137372,8279.133910248403,714.3238396746202,1.64782685150587,0.2647856766267353,0.1616298690845925,0.013945428343379486,3295.65370301174,529.5713532534706,323.259738169185,27.890856686758973,2.0881878255605772,4176.375651121154
2005,45 to 54 Years,53840.509109059145,26.920254554529574,379960.3679539151,19544.420511030305,37296.220342746645,3726.155218151423,0.22491002721128245,0.3819185976707888,0.24482119960108278,0.21745295179169888,85456.89669572393,29857.51069544358,9130.905404897541,810.2634510210686,1.5872230428323542,0.5545547616380133,0.1695917359622661,0.015049327438189743,3174.4460856647083,1109.1095232760267,339.18347192453217,30.098654876379484,2.3264188678708235,4652.837735741647
2005,55 to 64 Years,48012.69906928646,24.006349534643228,379960.3679539151,19544.420511030305,37296.220342746645,3726.155218151423,0.1976402258829037,0.22283587465482052,0.21491665479413022,0.21626063418406805,75095.45294896298,17420.792156788208,8015.578912527898,805.8206905457012,1.5640748053050253,0.3628371762988893,0.1669470591720063,0.01678349074653838,3128.149610610051,725.6743525977786,333.8941183440126,33.56698149307676,2.1106425315224593,4221.285063044918
2005,65 Years and Older,25301.226031377108,12.650613015688554,379960.3679539151,19544.420511030305,37296.220342746645,3726.155218151423,0.16233870731778682,0.05150678352743426,0.13588830317709075,0.25132121680845576,61682.27496562921,4026.680945723136,5068.120097294735,936.4618634429926,2.4379164428290725,0.15914963728356407,0.20031124543172524,0.03701250928637399,4875.832885658145,318.2992745671281,400.6224908634505,74.02501857274798,2.8343898348307355,5668.7796696614705
2006,25 to 34 Years,42275.98066298343,21.137990331491714,379289.75135380926,20749.96765899802,37208.32665772839,3875.6356502406193,0.19296602978611346,0.1702485292352023,0.1823906539393076,0.12325986078886311,73190.03745730672,14130.605902489708,6786.451031090452,477.7103107170137,1.7312439903112986,0.3342466734275516,0.16052734731787366,0.011299804362321836,3462.487980622597,668.4933468551033,321.0546946357473,22.599608724643673,2.2373178154190456,4474.635630838091
2006,35 to 44 Years,51783.51023502654,25.89175511751327,379289.75135380926,20749.96765899802,37208.32665772839,3875.6356502406193,0.22214500980191357,0.17349021491175412,0.22198318848838866,0.19170533642691415,84257.32553225732,14399.665394286056,8259.622989800057,742.9800361975201,1.6271072615557334,0.27807433928158226,0.15950295668085515,0.01434781135588151,3254.214523111467,556.1486785631645,319.0059133617103,28.695622711763022,2.0790323688740524,4158.064737748105
2006,45 to 54 Years,54900.10598964752,27.45005299482376,379289.75135380926,20749.96765899802,37208.32665772839,3875.6356502406193,0.22491002721128245,0.3819185976707888,0.24482119960108278,0.21745295179169888,85306.06829794579,31699.194200154972,9109.387167494011,842.768412213963,1.5538415957526914,0.5773976867391197,0.16592658617474731,0.015350943263622902,3107.6831915053826,1154.7953734782395,331.8531723494946,30.701886527245804,2.3125168119301813,4625.033623860362
2006,55 to 64 Years,48871.207471647765,24.435603735823882,379289.75135380926,20749.96765899802,37208.32665772839,3875.6356502406193,0.1976402258829037,0.22283587465482052,0.21491665479413022,0.21626063418406805,74962.91213263724,18495.348769408247,7996.6890957662445,838.1474235874192,1.533887047422071,0.37845082465249447,0.16362781910812124,0.0171501271801738,3067.774094844142,756.901649304989,327.25563821624246,34.3002543603476,2.0931158183628606,4186.231636725722
2006,65 Years and Older,26659.52326249282,13.329761631246411,379289.75135380926,20749.96765899802,37208.32665772839,3875.6356502406193,0.16233870731778682,0.05150678352743426,0.13588830317709075,0.25132121680845576,61573.40793366218,4275.056369653092,5056.176373577623,974.0294675247031,2.309621493505458,0.16035757007206697,0.1896574189941025,0.036535892181352746,4619.242987010916,320.71514014413395,379.314837988205,73.07178436270549,2.69617237475298,5392.34474950596
2007,25 to 34 Years,42949.37672366244,21.47468836183122,370585.4352441955,21904.04167529093,36848.931633372966,4047.095277739639,0.19296602978611346,0.1702485292352023,0.1823906539393076,0.12325986078886311,71510.40013563125,14916.523518099431,6720.900737575733,498.8444005334532,1.664992733089732,0.3473047726413537,0.15648424378351766,0.01161470639592823,3329.9854661794643,694.6095452827074,312.9684875670353,23.22941279185646,2.1803964559105316,4360.792911821063
2007,35 to 44 Years,53262.02157718983,26.631010788594914,370585.4352441955,21904.04167529093,36848.931633372966,4047.095277739639,0.22214500980191357,0.17349021491175412,0.22198318848838866,0.19170533642691415,82323.70514476822,15200.54759072897,8179.843336366778,775.8497617708531,1.545636134472681,0.28539186348192996,0.1535774102098653,0.014566660047750066,3091.272268945362,570.78372696386,307.1548204197306,29.13332009550013,1.9991720682122263,3998.3441364244527
2007,45 to 54 Years,54848.06451612903,27.424032258064514,370585.4352441955,21904.04167529093,36848.931633372966,4047.095277739639,0.22491002721128245,0.3819185976707888,0.24482119960108278,0.21745295179169888,83348.38032487697,33462.24351979851,9021.399646500657,880.05281432673,1.5196229996478166,0.6100897782812073,0.16447981758495336,0.016045284771496998,3039.2459992956333,1220.1795565624145,328.95963516990673,32.090569542994,2.3102378802854746,4620.475760570949
2007,55 to 64 Years,48938.48329048843,24.469241645244217,370585.4352441955,21904.04167529093,36848.931633372966,4047.095277739639,0.1976402258829037,0.22283587465482052,0.21491665479413022,0.21626063418406805,73242.58913057698,19524.025140756377,7919.449119382122,875.2273913673214,1.4966256452171707,0.39895035211585766,0.16182457213424364,0.01788423613727785,2993.251290434341,797.9007042317153,323.6491442684873,35.7684722745557,2.0752848056045496,4150.569611209099
2007,65 Years and Older,26842.11327134404,13.42105663567202,370585.4352441955,21904.04167529093,36848.931633372966,4047.095277739639,0.16233870731778682,0.05150678352743426,0.13588830317709075,0.25132121680845576,60160.3605083421,4512.826931780434,5007.338793547675,1017.1209097412814,2.2412676639945404,0.16812487475038765,0.18654786018258046,0.03789272846959982,4482.5353279890805,336.2497495007753,373.0957203651609,75.78545693919963,2.6338331273971085,5267.666254794217
2008,25 to 34 Years,41615.47457166168,20.80773728583084,334446.9836238161,23146.597605916297,36291.61805983029,4197.035871313222,0.19296602978611346,0.1702485292352023,0.1823906539393076,0.12325986078886311,64536.9066038291,15762.696796825217,6619.2519504480315,517.3260572239325,1.5507910763506205,0.37877008394273903,0.159057466449162,0.012431098348598646,3101.582152701241,757.540167885478,318.114932898324,24.86219669719729,2.10104972509112,4202.099450182241
2008,35 to 44 Years,50545.69746139754,25.27284873069877,334446.9836238161,23146.597605916297,36291.61805983029,4197.035871313222,0.22214500980191357,0.17349021491175412,0.22198318848838866,0.19170533642691415,74295.72845533305,16062.832772505248,8056.129092323917,804.5941737059279,1.4698724557530094,0.31778832975393523,0.15938308297113707,0.015918153554422863,2939.744911506019,635.5766595078704,318.76616594227414,31.836307108845727,1.9629620220325046,3925.924044065009
2008,45 to 54 Years,51801.07047711311,25.900535238556557,334446.9836238161,23146.597605916297,36291.61805983029,4197.035871313222,0.22491002721128245,0.3819185976707888,0.24482119960108278,0.21745295179169888,75220.48018756382,35360.464394006354,8884.957468871971,912.6578389927049,1.4521028136049414,0.6826203410145628,0.17152073088523426,0.017618513103815833,2904.205627209883,1365.2406820291255,343.0414617704685,35.237026207631665,2.3238623986085543,4647.724797217108
2008,55 to 64 Years,47069.7191011236,23.534859550561798,334446.9836238161,23146.597605916297,36291.61805983029,4197.035871313222,0.1976402258829037,0.22283587465482052,0.21491665479413022,0.21626063418406805,66100.17738926681,20631.56929119013,7799.673150484968,907.65363922348,1.4043036298402074,0.43831936296168883,0.16570468869228458,0.019283175182615728,2808.6072596804147,876.6387259233777,331.40937738456915,38.56635036523146,2.0276108566767963,4055.221713353593
2008,65 Years and Older,27096.55890410959,13.548279452054794,334446.9836238161,23146.597605916297,36291.61805983029,4197.035871313222,0.16233870731778682,0.05150678352743426,0.13588830317709075,0.25132121680845576,54293.69098782333,4768.827169138235,4931.6063977014,1054.8041621671762,2.0037116587371875,0.1759938295491452,0.18200120595214953,0.038927605748758,4007.423317474375,351.9876590982904,364.00241190429904,77.855211497516,2.40063429998724,4801.26859997448
2009,25 to 34 Years,40447.46057640022,20.22373028820011,315316.2247460034,24339.065878910653,36678.28266338368,4330.03118634168,0.19296602978611346,0.1702485292352023,0.1823906539393076,0.12325986078886311,60845.32001638214,16574.76067537294,6689.775960345318,533.7190412399112,1.5043050700662135,0.4097849516180449,0.1653942142476204,0.013195365880431045,3008.610140132427,819.5699032360898,330.7884284952408,26.39073176086209,2.0926796018123097,4185.359203624619
2009,35 to 44 Years,49666.62972972973,24.833314864864864,315316.2247460034,24339.065878910653,36678.28266338368,4330.03118634168,0.22214500980191357,0.17349021491175412,0.22198318848838866,0.19170533642691415,70045.9258369033,16890.359080334205,8141.962133896298,830.090085316662,1.4103217032859152,0.34007459681170754,0.16393224541714047,0.01671323562387367,2820.6434065718304,680.149193623415,327.86449083428096,33.426471247747344,1.9310417811386371,3862.0835622772743
2009,45 to 54 Years,51702.69324258629,25.851346621293146,315316.2247460034,24339.065878910653,36678.28266338368,4330.03118634168,0.22491002721128245,0.3819185976707888,0.24482119960108278,0.21745295179169888,70917.78068778248,37182.167636362006,8979.621160957191,941.5780628201101,1.3716457739452763,0.7191534000347961,0.17367801554989187,0.018211392942380694,2743.2915478905525,1438.3068000695923,347.35603109978376,36.42278588476139,2.2826885824723453,4565.377164944691
2009,55 to 64 Years,46587.85670916818,23.293928354584093,315316.2247460034,24339.065878910653,36678.28266338368,4330.03118634168,0.1976402258829037,0.22283587465482052,0.21491665479413022,0.21626063418406805,62319.16988334454,21694.468133633414,7882.7738136079615,936.4152903950443,1.337669819678151,0.4656678728335679,0.1692023280404888,0.020099986488770236,2675.3396393563016,931.3357456671358,338.4046560809776,40.199972977540476,1.992640007040978,3985.280014081956
2009,65 Years and Older,28067.842401500937,14.033921200750468,315316.2247460034,24339.065878910653,36678.28266338368,4330.03118634168,0.16233870731778682,0.05150678352743426,0.13588830317709075,0.25132121680845576,51188.02832159094,5014.50798994005,4984.149594576913,1088.2287065699522,1.8237250868578927,0.17865669609402884,0.1775750883619891,0.03877137013252429,3647.4501737157852,357.31339218805766,355.1501767239782,77.54274026504858,2.218728241446435,4437.45648289287
2010,25 to 34 Years,40078.5627753304,20.0392813876652,320370.2873045318,25413.23683615025,37322.49830088287,4477.763196924434,0.19296602978611346,0.1702485292352023,0.1823906539393076,0.12325986078886311,61820.58240259201,17306.264777841785,6807.274871746723,551.9284682984004,1.5424850124776555,0.4318085175572795,0.1698482779910664,0.0137711641855114,3084.9700249553107,863.617035114559,339.6965559821328,27.5423283710228,2.1579129722115127,4315.825944423025
2010,35 to 44 Years,49881.71052631579,24.940855263157893,320370.2873045318,25413.23683615025,37322.49830088287,4477.763196924434,0.22214500980191357,0.17349021491175412,0.22198318848838866,0.19170533642691415,71168.66061350708,17635.791681228053,8284.967175182448,858.4111001064532,1.4267485990874564,0.3535522638487717,0.16609228287814226,0.01720893471873998,2853.4971981749127,707.1045276975434,332.18456575628454,34.41786943747996,1.9636020805331105,3927.204161066221
2010,45 to 54 Years,50807.44351669941,25.403721758349704,320370.2873045318,25413.23683615025,37322.49830088287,4477.763196924434,0.22491002721128245,0.3819185976707888,0.24482119960108278,0.21745295179169888,72054.49003534862,38823.15109895254,9137.338806131518,973.7028245954524,1.4181876718844497,0.7641232939853022,0.17984252254550565,0.019164570330633058,2836.3753437688993,1528.2465879706044,359.6850450910113,38.329140661266116,2.3813180587458906,4762.636117491781
2010,55 to 64 Years,46217.831187410586,23.108915593705294,320370.2873045318,25413.23683615025,37322.49830088287,4477.763196924434,0.1976402258829037,0.22283587465482052,0.21491665479413022,0.21626063418406805,63318.05594903842,22651.923432774576,8021.226483385356,968.363908692958,1.3699919343313067,0.49011221104085045,0.17355263709497218,0.020952171138587168,2739.9838686626135,980.2244220817009,347.10527418994434,41.90434227717434,2.0546089536057166,4109.217907211433
2010,65 Years and Older,27469.797244606187,13.734898622303094,320370.2873045318,25413.23683615025,37322.49830088287,4477.763196924434,0.16233870731778682,0.05150678352743426,0.13588830317709075,0.25132121680845576,52008.49830404566,5235.816353804037,5071.690964436826,1125.3568952311696,1.8932974947333385,0.19060265742704424,0.18462789948086256,0.04096706230520643,3786.594989466677,381.2053148540885,369.25579896172513,81.93412461041285,2.309495113946452,4618.990227892904
2011,25 to 34 Years,39416.86746987952,19.70843373493976,313634.21347253147,26478.053072646188,38371.250257889165,4614.002698451384,0.19296602978611346,0.1702485292352023,0.1823906539393076,0.12325986078886311,60520.748978884774,18031.39837051857,6998.55742700523,568.7213302905564,1.535402300173443,0.45745386500582014,0.17755234944413562,0.014428374622238713,3070.8046003468858,914.9077300116403,355.10469888827123,28.856749244477424,2.1848368892456373,4369.673778491275
2011,35 to 44 Years,49454.48456449834,24.727242282249172,313634.21347253147,26478.053072646188,38371.250257889165,4614.002698451384,0.22214500980191357,0.17349021491175412,0.22198318848838866,0.19170533642691415,69672.27542607096,18374.732472072876,8517.772478532142,884.5289395813123,1.4088161273868836,0.3715483567139118,0.17223458203114617,0.017885717490952982,2817.6322547737673,743.0967134278236,344.46916406229235,35.77143498190596,1.9704847836228945,3940.9695672457888
2011,45 to 54 Years,50213.18847777502,25.106594238887507,313634.21347253147,26478.053072646188,38371.250257889165,4614.002698451384,0.22491002721128245,0.3819185976707888,0.24482119960108278,0.21745295179169888,70539.47948649622,40449.84359423101,9394.095518329783,1003.3285063531174,1.4047998469110934,0.8055621405546596,0.18708422633802127,0.019981374152274817,2809.599693822187,1611.124281109319,374.16845267604253,39.962748304549635,2.417427587956049,4834.855175912098
2011,55 to 64 Years,45297.76927437642,22.64888463718821,313634.21347253147,26478.053072646188,38371.250257889165,4614.002698451384,0.1976402258829037,0.22283587465482052,0.21491665479413022,0.21626063418406805,61986.73679531796,23601.040462399484,8246.620745693946,997.8271496940977,1.3684280216947013,0.5210199274812828,0.18205357300803796,0.02202817413921834,2736.8560433894027,1042.0398549625656,364.1071460160759,44.05634827843668,2.0935296963232406,4187.059392646481
2011,65 Years and Older,28098.716417910447,14.049358208955224,313634.21347253147,26478.053072646188,38371.250257889165,4614.002698451384,0.16233870731778682,0.05150678352743426,0.13588830317709075,0.25132121680845576,50914.97278576156,5455.197391362812,5214.204088328064,1159.5967725323003,1.8120035103563579,0.19414400680187674,0.1855673408983362,0.04126867417307219,3624.0070207127155,388.2880136037535,371.1346817966724,82.53734834614437,2.232983532229643,4465.967064459286
2012,25 to 34 Years,40017.78918918919,20.008894594594597,333918.04094693274,27532.3655685915,39006.42862162109,4783.259506986518,0.19296602978611346,0.1702485292352023,0.1823906539393076,0.12325986078886311,64434.83863548648,18749.37897767451,7114.4080241343945,589.5839009481642,1.610154882141604,0.4685261069529462,0.17778113604677473,0.01473304530044954,3220.309764283208,937.0522139058925,355.56227209354944,29.46609060089908,2.2711951704417745,4542.3903408835495
2012,35 to 44 Years,50023.36101882614,25.01168050941307,333918.04094693274,27532.3655685915,39006.42862162109,4783.259506986518,0.22214500980191357,0.17349021491175412,0.22198318848838866,0.19170533642691415,74178.22647919215,19106.384078095674,8658.771396972192,916.976373004086,1.4828717017090356,0.38194922710021517,0.17309455463645254,0.018330962860711914,2965.743403418071,763.8984542004304,346.18910927290506,36.66192572142383,2.056246446306415,4112.4928926128305
2012,45 to 54 Years,50485.88382573861,25.242941912869306,333918.04094693274,27532.3655685915,39006.42862162109,4783.259506986518,0.22491002721128245,0.3819185976707888,0.24482119960108278,0.21745295179169888,75101.51567571277,42060.4897940639,9549.600647299285,1040.1338989799247,1.4875745452915032,0.8331138648427644,0.1891538767601158,0.020602469842266,2975.1490905830065,1666.2277296855289,378.3077535202316,41.204939684532,2.5304447567366495,5060.889513473299
2012,55 to 64 Years,45323.42504211117,22.661712521055588,333918.04094693274,27532.3655685915,39006.42862162109,4783.259506986518,0.1976402258829037,0.22283587465482052,0.21491665479413022,0.21626063418406805,65995.63703912847,24540.79505117341,8383.13115482482,1034.430734447877,1.4561043649682301,0.5414594115156107,0.1849624371290527,0.022823313407730344,2912.2087299364603,1082.9188230312213,369.9248742581054,45.646626815460685,2.2053495270206236,4410.699054041247
2012,65 Years and Older,28058.62604540024,14.029313022700121,333918.04094693274,27532.3655685915,39006.42862162109,4783.259506986518,0.16233870731778682,0.05150678352743426,0.13588830317709075,0.25132121680845576,54207.823117412874,5672.414373358508,5300.517398390397,1202.134599606466,1.9319485932668956,0.20216294141346272,0.18890865824341857,0.04284367301739411,3863.8971865337912,404.32588282692546,377.8173164868371,85.68734603478822,2.3658638659411713,4731.727731882343
2013,25 to 34 Years,39743.661784287615,19.87183089214381,358485.8140358471,28538.50051378749,39425.95194126592,4900.950369806667,0.19296602978611346,0.1702485292352023,0.1823906539393076,0.12325986078886311,69175.5842691404,19434.550956201543,7190.925156747205,604.090460315497,1.7405438040560341,0.4889974925230684,0.1809326275917054,0.01519966790162048,3481.087608112068,977.9949850461368,361.8652551834108,30.39933580324096,2.4256735920724286,4851.347184144857
2013,35 to 44 Years,50253.4375,25.12671875,358485.8140358471,28538.50051378749,39425.95194126592,4900.950369806667,0.22214500980191357,0.17349021491175412,0.22198318848838866,0.19170533642691415,79635.83467284021,19804.602349584788,8751.898521112185,939.5383394553965,1.5846843247855475,0.394094480593189,0.17415522114506465,0.01869600143185024,3169.368649571095,788.188961186378,348.3104422901293,37.39200286370048,2.1716300279556515,4343.260055911303
2013,45 to 54 Years,51816.236668359576,25.908118334179786,358485.8140358471,28538.50051378749,39425.95194126592,4900.950369806667,0.22491002721128245,0.3819185976707888,0.24482119960108278,0.21745295179169888,80627.05418966111,43597.536383411214,9652.30884967536,1065.726124499078,1.5560191047007128,0.841387549282078,0.1862796194840087,0.020567416567128655,3112.038209401426,1682.775098564156,372.5592389680174,41.134833134257306,2.604253690033928,5208.5073800678565
2013,55 to 64 Years,44845.46052631579,22.42273026315789,358485.8140358471,28538.50051378749,39425.95194126592,4900.950369806667,0.1976402258829037,0.22283587465482052,0.21491665479413022,0.21626063418406805,70851.21726186143,25437.606893307522,8473.293703291016,1059.8826350790328,1.5798971942831357,0.5672281340132624,0.18894429009863326,0.023634111962281722,3159.794388566271,1134.4562680265249,377.8885801972665,47.26822392456344,2.359703730357313,4719.407460714626
2013,65 Years and Older,28889.222170470424,14.444611085235213,358485.8140358471,28538.50051378749,39425.95194126592,4900.950369806667,0.16233870731778682,0.05150678352743426,0.13588830317709075,0.25132121680845576,58196.12364234393,5879.705472644895,5357.525710440153,1231.712810457663,2.0144579628672044,0.20352591834940192,0.1854506735704512,0.042635720795441756,4028.9159257344086,407.05183669880387,370.9013471409024,85.27144159088351,2.4460702755824992,4892.140551164998
2014,25 to 34 Years,40373.39785508763,20.186698927543812,378668.0658391163,29473.411009340467,39558.8742372243,5018.231026042613,0.19296602978611346,0.1702485292352023,0.1823906539393076,0.12325986078886311,73070.07327176089,20071.219503539338,7215.168941230168,618.5464576763661,1.8098569145463443,0.497139715006922,0.1787109662438519,0.015320644051226923,3619.7138290926887,994.279430013844,357.4219324877038,30.641288102453846,2.501028239848345,5002.05647969669
2014,35 to 44 Years,50167.78846153846,25.083894230769232,378668.0658391163,29473.411009340467,39558.8742372243,5018.231026042613,0.22214500980191357,0.17349021491175412,0.22198318848838866,0.19170533642691415,84119.22119750213,20453.393640771752,8781.405036190225,962.0216671154777,1.6767576123470704,0.4076997266174591,0.17504070451346604,0.019176082833569977,3353.5152246941407,815.3994532349183,350.0814090269321,38.35216566713996,2.2786741263115657,4557.348252623132
2014,45 to 54 Years,52241.97054342306,26.12098527171153,378668.0658391163,29473.411009340467,39558.8742372243,5018.231026042613,0.22491002721128245,0.3819185976707888,0.24482119960108278,0.21745295179169888,85166.24499191933,45025.7752050484,9684.85104562562,1091.229149385652,1.6302265038247346,0.8618697713100882,0.18538448961406728,0.020887978344511948,3260.4530076494693,1723.7395426201765,370.7689792281346,41.7759566890239,2.6983687430934022,5396.737486186805
2014,55 to 64 Years,44996.856838176485,22.498428419088242,378668.0658391163,29473.411009340467,39558.8742372243,5018.231026042613,0.1976402258829037,0.22283587465482052,0.21491665479413022,0.21626063418406805,74840.04206708519,26270.9332853096,8501.860918485947,1085.245824174142,1.6632282191672771,0.5838392974822336,0.188943439962072,0.024118258483632384,3326.456438334554,1167.6785949644673,377.886879924144,48.23651696726477,2.460129215095215,4920.258430190431
2014,65 Years and Older,30334.611748818366,15.167305874409184,378668.0658391163,29473.411009340467,39558.8742372243,5018.231026042613,0.16233870731778682,0.05150678352743426,0.13588830317709075,0.25132121680845576,61472.48431084873,6072.322402692789,5375.58829569234,1261.187927690975,2.0264800096953044,0.20017801622034362,0.17720972795709958,0.041575871751188716,4052.960019390609,400.3560324406872,354.41945591419915,83.15174350237743,2.4454436256239362,4890.887251247873
2015,25 to 34 Years,42742.9267670324,21.371463383516197,389303.5956281616,30537.83931310415,39791.49952357262,5150.29352937725,0.19296602978611346,0.1702485292352023,0.1823906539393076,0.12325986078886311,75122.36922982491,20796.08891630769,7257.597619330056,634.8244634528223,1.7575391979888182,0.4865387208895509,0.16979645916357414,0.014852152425426847,3515.0783959776363,973.0774417791018,339.59291832714825,29.704304850853696,2.42872653046737,4857.45306093474
2015,35 to 44 Years,52724.354706684855,26.362177353342428,389303.5956281616,30537.83931310415,39791.49952357262,5150.29352937725,0.22214500980191357,0.17349021491175412,0.22198318848838866,0.19170533642691415,86481.85106673816,21192.06522148421,8833.043938976847,987.3387537466247,1.6402638125748978,0.4019407224494166,0.16753251866460334,0.01872642651084815,3280.5276251497958,803.8814448988331,335.0650373292067,37.4528530216963,2.228463480199766,4456.926960399532
2015,45 to 54 Years,53497.72854596384,26.74886427298192,389303.5956281616,30537.83931310415,39791.49952357262,5150.29352937725,0.22491002721128245,0.3819185976707888,0.24482119960108278,0.21745295179169888,87558.28228617994,46651.87506542648,9741.802647286962,1119.9465305567699,1.6366728955782146,0.8720346888250483,0.18209750043718329,0.02093446882692489,3273.345791156429,1744.0693776500966,364.19500087436654,41.868937653849784,2.711739553667371,5423.479107334742
2015,55 to 64 Years,47834.00625978091,23.917003129890453,389303.5956281616,30537.83931310415,39791.49952357262,5150.29352937725,0.1976402258829037,0.22283587465482052,0.21491665479413022,0.21626063418406805,76942.05057697646,27219.704533615706,8551.855966848452,1113.805744897226,1.6085219824388775,0.5690450510414843,0.1787819301691838,0.0232848099498143,3217.043964877755,1138.0901020829685,357.56386033836765,46.5696198996286,2.37963377359936,4759.2675471987195
2015,65 Years and Older,31111.872414543872,15.555936207271936,389303.5956281616,30537.83931310415,39791.49952357262,5150.29352937725,0.16233870731778682,0.05150678352743426,0.13588830317709075,0.25132121680845576,63199.04246844217,6291.623515582509,5407.199351130298,1294.3780367238066,2.031348085591226,0.2022258072979678,0.1737985833537487,0.04160399025417459,4062.696171182452,404.4516145959356,347.5971667074974,83.20798050834918,2.448976466497117,4897.952932994234
2016,25 to 34 Years,44000.94797398699,22.000473986993498,398797.6967528053,31394.62015637985,39851.67289254665,5345.3068923130495,0.19296602978611346,0.1702485292352023,0.1823906539393076,0.12325986078886311,76954.40823023528,21379.551630086025,7268.572679446962,658.861783420257,1.7489261430396932,0.4858884322839009,0.16519127460035823,0.014973808832704485,3497.8522860793864,971.7768645678018,330.3825492007165,29.94761766540897,2.4149796587566565,4829.959317513313
2016,35 to 44 Years,54189.173260572985,27.094586630286493,398797.6967528053,31394.62015637985,39851.67289254665,5345.3068923130495,0.22214500980191357,0.17349021491175412,0.22198318848838866,0.19170533642691415,88590.9182541325,21786.63759201291,8846.401415283792,1024.723856095976,1.6348453560665333,0.40204779444133826,0.16325034841821928,0.018910121606183383,3269.6907121330664,804.0955888826766,326.5006968364386,37.82024321236677,2.219053620532274,4438.107241064548
2016,45 to 54 Years,53670.0025846472,26.8350012923236,398797.6967528053,31394.62015637985,39851.67289254665,5345.3068923130495,0.22491002721128245,0.3819185976707888,0.24482119960108278,0.21745295179169888,89693.60082847021,47960.75721812669,9756.534363663224,1162.3527619659853,1.671205450139626,0.8936231583459306,0.18178747705993537,0.021657400894153994,3342.410900279252,1787.2463166918612,363.5749541198707,43.31480178830799,2.768273486439646,5536.546972879292
2016,55 to 64 Years,48783.75812743823,24.391879063719117,398797.6967528053,31394.62015637985,39851.67289254665,5345.3068923130495,0.1976402258829037,0.22283587465482052,0.21491665479413022,0.21626063418406805,78818.46686780617,27983.390568011047,8564.788226016046,1155.97945844009,1.6156702536509797,0.5736210501640688,0.17556638837955402,0.02369599028062403,3231.3405073019594,1147.2421003281377,351.132776759108,47.39198056124806,2.388553682475227,4777.107364950454
2016,65 Years and Older,31155.052631578947,15.577526315789473,398797.6967528053,31394.62015637985,39851.67289254665,5345.3068923130495,0.16233870731778682,0.05150678352743426,0.13588830317709075,0.25132121680845576,64740.30257216117,6468.143617282725,5415.3762081366285,1343.3890323907408,2.0780033125843613,0.20761138470125953,0.17382015919458185,0.04311945957135292,4156.006625168723,415.2227694025191,347.6403183891637,86.23891914270584,2.502554316051556,5005.108632103112
2017,25 to 34 Years,44896.55437205846,22.44827718602923,412619.508862171,32128.01622321199,39752.89391269152,5479.48479353625,0.19296602978611346,0.1702485292352023,0.1823906539393076,0.12325986078886311,79621.5484374292,21878.990036986244,7250.556316715726,675.4005328459706,1.773444522659894,0.48732002584596373,0.16149471642367585,0.015043482563247852,3546.8890453197882,974.6400516919275,322.98943284735174,30.086965126495702,2.4373027474927813,4874.6054949855625
2017,35 to 44 Years,55241.53846153846,27.62076923076923,412619.508862171,32128.01622321199,39752.89391269152,5479.48479353625,0.22214500980191357,0.17349021491175412,0.22198318848838866,0.19170533642691415,91661.36484064773,22295.585757013487,8824.47414237992,1050.446475791027,1.6592833471585213,0.4036018253281746,0.15974345371506804,0.01901551812360174,3318.5666943170427,807.2036506563493,319.48690743013606,38.031036247203474,2.241644144325366,4483.288288650731
2017,45 to 54 Years,56166.35373443984,28.083176867219922,412619.508862171,32128.01622321199,39752.89391269152,5479.48479353625,0.22491002721128245,0.3819185976707888,0.24482119960108278,0.21745295179169888,92802.26496609687,49081.147607653904,9732.35117531972,1191.5301426521853,1.6522750507336705,0.8738531940263471,0.1732772474662545,0.02121430471142669,3304.550101467341,1747.7063880526941,346.554494932509,42.428609422853384,2.7206197969376986,5441.239593875397
2017,55 to 64 Years,48948.415892672856,24.474207946336428,412619.508862171,32128.01622321199,39752.89391269152,5479.48479353625,0.1976402258829037,0.22283587465482052,0.21491665479413022,0.21626063418406805,81550.21293521226,28637.09838409483,8543.558978101604,1184.9968564521066,1.666043965835871,0.5850464792749616,0.1745420933914329,0.02420909512271857,3332.087931671742,1170.0929585499232,349.0841867828658,48.418190245437145,2.449841633624984,4899.683267249969
2017,65 Years and Older,31768.213197969544,15.884106598984772,412619.508862171,32128.01622321199,39752.89391269152,5479.48479353625,0.16233870731778682,0.05150678352743426,0.13588830317709075,0.25132121680845576,66984.11768278493,6619.243107099504,5401.95330017455,1377.1107857949605,2.1085264463997677,0.2083605730624652,0.17004271743302876,0.04334870133278312,4217.052892799536,416.7211461249304,340.08543486605754,86.69740266556623,2.5302784382280445,5060.556876456089
2018,25 to 34 Years,45614.8553212359,22.807427660617947,406341.53164224257,32864.57117086398,39562.07446883266,5587.69479270416,0.19296602978611346,0.1702485292352023,0.1823906539393076,0.12325986078886311,78410.11209821195,22380.579623140893,7215.752633565974,688.7384822793701,1.718960008664289,0.49064234590965944,0.158188655488439,0.015098995216120513,3437.920017328578,981.2846918193188,316.377310976878,30.197990432241024,2.3828900052785085,4765.780010557017
2018,35 to 44 Years,56209.368505195846,28.104684252597924,406341.53164224257,32864.57117086398,39562.07446883266,5587.69479270416,0.22214500980191357,0.17349021491175412,0.22198318848838866,0.19170533642691415,90266.74352959055,22806.72606166332,8782.11543380655,1071.1909100862674,1.6059021108064313,0.4057459933846282,0.15623935417446924,0.01905715966168966,3211.8042216128624,811.4919867692564,312.4787083489385,38.11431932337932,2.1869446180272183,4373.889236054437
2018,45 to 54 Years,57704.23863938347,28.852119319691734,406341.53164224257,32864.57117086398,39562.07446883266,5587.69479270416,0.22491002721128245,0.3819185976707888,0.24482119960108278,0.21745295179169888,91390.28493873097,50206.36373851282,9685.634530166983,1215.0607263846246,1.5837707435993547,0.8700637062776648,0.16784962003738288,0.021056698000609938,3167.541487198709,1740.1274125553296,335.6992400747658,42.113396001219876,2.6427407679150123,5285.481535830025
2018,55 to 64 Years,49887.17604543108,24.943588022715538,406341.53164224257,32864.57117086398,39562.07446883266,5587.69479270416,0.1976402258829037,0.22283587465482052,0.21491665479413022,0.21626063418406805,80309.43209937788,29293.621848060295,8502.548701557782,1208.3984194972163,1.6098211697980653,0.587197435697368,0.17043555830489804,0.02422262623959224,3219.6423395961306,1174.3948713947361,340.8711166097961,48.445252479184475,2.3916767900399236,4783.353580079847
2018,65 Years and Older,32909.80757903004,16.454903789515022,406341.53164224257,32864.57117086398,39562.07446883266,5587.69479270416,0.16233870731778682,0.05150678352743426,0.13588830317709075,0.25132121680845576,65964.95897633123,6770.993412078591,5376.023169735374,1404.3062544566815,2.004416428686862,0.2057439380591527,0.16335626262248182,0.04267136023461584,4008.832857373724,411.4878761183054,326.7125252449636,85.34272046923168,2.416187989603112,4832.375979206225
2019,25 to 34 Years,47217.79426070039,23.608897130350197,392943.2213812168,33817.65539127399,39710.09644914033,5745.6041535282575,0.19296602978611346,0.1702485292352023,0.1823906539393076,0.12325986078886311,75824.69336129926,23029.624370189227,7242.750459351681,708.2023681118067,1.6058499671258157,0.4877318970690865,0.15339027527128385,0.014998633019612418,3211.6999342516315,975.463794138173,306.7805505425677,29.997266039224836,2.2619707724857987,4523.941544971597
2019,35 to 44 Years,59101.90102120974,29.55095051060487,392943.2213812168,33817.65539127399,39710.09644914033,5745.6041535282575,0.22214500980191357,0.17349021491175412,0.22198318848838866,0.19170533642691415,87290.3757653259,23468.12920657506,8814.973824961611,1101.4629772280098,1.4769470060531595,0.3970790922300979,0.14914873587227262,0.018636675947745415,2953.894012106319,794.1581844601958,298.29747174454525,37.27335189549083,2.041811510103275,4083.6230202065503
2019,45 to 54 Years,61547.82151523322,30.77391075761661,392943.2213812168,33817.65539127399,39710.09644914033,5745.6041535282575,0.22491002721128245,0.3819185976707888,0.24482119960108278,0.21745295179169888,88376.87061333845,51662.36609419741,9721.873448953233,1249.398583011365,1.4359057467446672,0.8393857787705916,0.15795641843386848,0.020299639406443266,2871.811493489334,1678.7715575411833,315.912836867737,40.59927881288653,2.453547583355571,4907.095166711142
2019,55 to 64 Years,51731.25095153514,25.86562547576757,392943.2213812168,33817.65539127399,39710.09644914033,5745.6041535282575,0.1976402258829037,0.22283587465482052,0.21491665479413022,0.21626063418406805,77661.38703293951,30143.147271559385,8534.361090401508,1242.5479980126365,1.5012470335522572,0.5826873836822397,0.16497496065573586,0.02401929153379121,3002.494067104514,1165.3747673644793,329.9499213114717,48.03858306758242,2.272928669424024,4545.857338848048
2019,65 Years and Older,34857.952263686304,17.42897613184315,392943.2213812168,33817.65539127399,39710.09644914033,5745.6041535282575,0.16233870731778682,0.05150678352743426,0.13588830317709075,0.25132121680845576,63789.89460831366,6967.354622574879,5396.137625472295,1443.992227164439,1.829995466336316,0.19987848310393164,0.15480363231473546,0.041425044599327644,3659.990932672632,399.7569662078633,309.60726462947093,82.85008919865528,2.2261026263543107,4452.205252708622
2020,25 to 34 Years,47943.82818203943,23.971914091019716,397730.09790922207,34480.84302276188,39917.32271420259,5981.400889108546,0.19296602978611346,0.1702485292352023,0.1823906539393076,0.12325986078886311,76748.39791998477,23481.25124566039,7280.546593349787,737.2666409139014,1.600798284788114,0.48976588094934115,0.15185576265846043,0.015377717401175193,3201.596569576228,979.5317618986822,303.71152531692087,30.755434802350386,2.2577976457970905,4515.595291594181
2020,35 to 44 Years,58211.47874777297,29.105739373886486,397730.09790922207,34480.84302276188,39917.32271420259,5981.400889108546,0.22214500980191357,0.17349021491175412,0.22198318848838866,0.19170533642691415,88353.75649856018,23928.355465429664,8860.974572018673,1146.6664697507972,1.5178064257977706,0.4110590553644904,0.15222039987014885,0.01969828793938113,3035.612851595541,822.1181107289808,304.4407997402977,39.39657587876226,2.100784168971791,4201.568337943582
2020,45 to 54 Years,60834.40980548894,30.41720490274447,397730.09790922207,34480.84302276188,39917.32271420259,5981.400889108546,0.22491002721128245,0.3819185976707888,0.24482119960108278,0.21745295179169888,89453.48714350916,52675.50085503928,9772.606831754629,1300.6732791861455,1.4704422616990358,0.8658833220123803,0.16064274911191578,0.02138055227863473,2940.8845233980715,1731.7666440247606,321.28549822383155,42.76110455726946,2.5183488851019664,5036.697770203933
2020,55 to 64 Years,50853.43781597573,25.426718907987865,397730.09790922207,34480.84302276188,39917.32271420259,5981.400889108546,0.1976402258829037,0.22283587465482052,0.21491665479413022,0.21626063418406805,78607.46639120806,30734.275255250835,8578.897466074171,1293.5415495877626,1.5457650410119044,0.6043696665399402,0.16869847614076328,0.025436658860089757,3091.530082023809,1208.7393330798805,337.3969522815265,50.873317720179514,2.3442698425526975,4688.539685105395
2020,65 Years and Older,33585.47851002865,16.792739255014325,397730.09790922207,34480.84302276188,39917.32271420259,5981.400889108546,0.16233870731778682,0.05150678352743426,0.13588830317709075,0.25132121680845576,64566.9899559599,7103.989269667353,5424.297251005333,1503.252949669939,1.9224674716687493,0.21151966816688636,0.16150721953792121,0.04475901539473574,3844.9349433374987,423.0393363337727,323.0144390758424,89.51803078947148,2.3402533747682925,4680.506749536585
2021,25 to 34 Years,48803.99654406319,24.401998272031598,443380.9425836893,34967.49539888909,42253.987598834094,6055.236152922887,0.19296602978611346,0.1702485292352023,0.1823906539393076,0.12325986078886311,85557.46017319924,23812.658650798287,7706.732429694744,746.3675652529662,1.7530830717101786,0.48792435736894585,0.1579119124544778,0.015293164865690876,3506.1661434203575,975.8487147378917,315.8238249089556,30.586329731381753,2.4142125063992927,4828.425012798585
2021,35 to 44 Years,59341.82503770739,29.670912518853697,443380.9425836893,34967.49539888909,42253.987598834094,6055.236152922887,0.22214500980191357,0.17349021491175412,0.22198318848838866,0.19170533642691415,98494.86383623534,24266.073166716167,9379.674893538026,1160.8210838404955,1.6597882484006694,0.4089202371396035,0.15806178673436364,0.019561600660291095,3319.5764968013386,817.840474279207,316.1235734687273,39.12320132058219,2.2463318729349275,4492.663745869855
2021,45 to 54 Years,61301.90488984417,30.650952444922083,443380.9425836893,34967.49539888909,42253.987598834094,6055.236152922887,0.22491002721128245,0.3819185976707888,0.24482119960108278,0.21745295179169888,99720.81986146161,53418.947227213925,10344.671931875839,1316.7289752488928,1.6267164950363928,0.8714076230290814,0.1687496000403999,0.02147941369220052,3253.4329900727857,1742.8152460581628,337.4992000807998,42.95882738440104,2.6883531317980744,5376.706263596149
2021,55 to 64 Years,50168.160449667856,25.08408022483393,443380.9425836893,34967.49539888909,42253.987598834094,6055.236152922887,0.1976402258829037,0.22283587465482052,0.21491665479413022,0.21626063418406805,87629.90964441511,31168.04968679945,9081.085666454086,1309.5092105654,1.7467235963800476,0.6212715277465551,0.1810129290182935,0.026102396396997445,3493.4471927600953,1242.5430554931104,362.025858036587,52.20479279399489,2.5751104495418935,5150.220899083787
2021,65 Years and Older,33002.983588419695,16.501491794209848,443380.9425836893,34967.49539888909,42253.987598834094,6055.236152922887,0.16233870731778682,0.05150678352743426,0.13588830317709075,0.25132121680845576,71977.88906837798,7204.252864028536,5741.8226772714,1521.8093180151325,2.1809509699490945,0.2182909567775082,0.1739788968439244,0.046111264878158316,4361.901939898189,436.5819135550164,347.9577936878488,92.22252975631663,2.6193320884486857,5238.664176897371
2022,25 to 34 Years,49384.41392839627,24.692206964198135,464067.3115577817,35914.11407376142,46645.89981814248,6300.65112813092,0.19296602978611346,0.1702485292352023,0.1823906539393076,0.12325986078886311,89549.2266648205,24457.300399372645,8507.776171418436,776.6173809326106,1.8133094946648596,0.4952433056071884,0.17227654425046085,0.01572596127309819,3626.618989329719,990.4866112143768,344.5530885009217,31.45192254619638,2.496555305795607,4993.1106115912135
2022,35 to 44 Years,57824.8873309965,28.912443665498248,464067.3115577817,35914.11407376142,46645.89981814248,6300.65112813092,0.22214500980191357,0.17349021491175412,0.22198318848838866,0.19170533642691415,103090.23747475109,24922.989476088485,10354.605571541217,1207.8684442269544,1.7828004901185603,0.4310080075630125,0.17906832247281743,0.0208883838772218,3565.600980237121,862.016015126025,358.1366449456348,41.7767677544436,2.4137652040316118,4827.530408063223
2022,45 to 54 Years,60114.7671900379,30.05738359501895,464067.3115577817,35914.11407376142,46645.89981814248,6300.65112813092,0.22491002721128245,0.3819185976707888,0.24482119960108278,0.21745295179169888,104373.39167032737,54865.072334558805,11419.905149949573,1370.0951860217663,1.736235480050631,0.9126721253218284,0.18996838353957823,0.022791324828565846,3472.470960101262,1825.3442506436568,379.9367670791565,45.58264965713169,2.8616673137406035,5723.334627481207
2022,55 to 64 Years,49556.11023622047,24.778055118110235,464067.3115577817,35914.11407376142,46645.89981814248,6300.65112813092,0.1976402258829037,0.22283587465482052,0.21491665479413022,0.21626063418406805,91718.36828115182,32011.8120883185,10024.980748777309,1362.5828087421567,1.8507983746899295,0.6459710404171538,0.20229555348454425,0.02749575788428704,3701.596749379859,1291.9420808343077,404.5911069690885,54.991515768574075,2.7265607264759146,5453.121452951829
2022,65 Years and Older,32505.85173218453,16.252925866092266,464067.3115577817,35914.11407376142,46645.89981814248,6300.65112813092,0.16233870731778682,0.05150678352743426,0.13588830317709075,0.25132121680845576,75336.08746673091,7399.281996707239,6338.632176455948,1583.4873082074323,2.31761616608063,0.22762922988974013,0.1949997258548981,0.04871391530527403,4635.232332161259,455.2584597794803,389.99945170979623,97.42783061054806,2.788959037130542,5577.918074261084
2023,25 to 34 Years,48982.5257985258,24.4912628992629,439105.4623799953,37087.53300230306,48381.7550235684,6329.838239234608,0.19296602978611346,0.1702485292352023,0.1823906539393076,0.12325986078886311,84732.4377328633,25256.391786416494,8824.379937480022,780.2149801840802,1.729850316036856,0.5156204457544862,0.18015363221113445,0.015928435038104177,3459.700632073712,1031.2408915089723,360.30726442226893,31.856870076208356,2.441552829040581,4883.105658081162
2023,35 to 44 Years,57942.54407443682,28.97127203721841,439105.4623799953,37087.53300230306,48381.7550235684,6329.838239234608,0.22214500980191357,0.17349021491175412,0.22198318848838866,0.19170533642691415,97545.08724447785,25737.296284465327,10739.93624479583,1213.4637691804164,1.6834795365416644,0.44418650743746246,0.18535493075689943,0.02094253520559126,3366.959073083329,888.3730148749249,370.70986151379884,41.885070411182525,2.333963509941617,4667.927019883235
2023,45 to 54 Years,61039.983896940415,30.519991948470206,439105.4623799953,37087.53300230306,48381.7550235684,6329.838239234608,0.22491002721128245,0.3819185976707888,0.24482119960108278,0.21745295179169888,98759.22149250751,56657.674381234734,11844.879303675729,1376.4420094855354,1.6179431118339096,0.9282059195312904,0.1940511538088634,0.022549842277309783,3235.886223667819,1856.4118390625808,388.1023076177268,45.099684554619564,2.762750027451373,5525.500054902746
2023,55 to 64 Years,52324.41787122208,26.16220893561104,439105.4623799953,37087.53300230306,48381.7550235684,6329.838239234608,0.1976402258829037,0.22283587465482052,0.21491665479413022,0.21626063418406805,86784.90277119915,33057.7314214309,10398.044942734427,1368.894831899441,1.6585928004930561,0.6317840267767667,0.19872261108237288,0.02616168296928765,3317.185600986112,1263.5680535535334,397.44522216474576,52.3233659385753,2.515261121321483,5030.5222426429655
2023,65 Years and Older,34296.02523659306,17.14801261829653,439105.4623799953,37087.53300230306,48381.7550235684,6329.838239234608,0.16233870731778682,0.05150678352743426,0.13588830317709075,0.25132121680845576,71283.81313894752,7641.038135664792,6574.5145948823965,1590.8226484851348,2.078486140804718,0.22279660931413076,0.19169902487322477,0.046385044258358085,4156.972281609436,445.5932186282615,383.39804974644954,92.77008851671617,2.5393668192504317,5078.733638500864
2024,25 to 34 Years,50610.41936256889,25.305209681284445,418975.0,38270.0,48108.0,6500.0,0.19296602978611346,0.1702485292352023,0.1823906539393076,0.12325986078886311,80847.94232963689,26061.64485532477,8774.449579712209,801.1890951276102,1.5974564792765076,0.5149462340673623,0.1733723942663421,0.01583051682279013,3194.912958553015,1029.8924681347246,346.7447885326842,31.66103364558026,2.3016056244330017,4603.211248866003
2024,35 to 44 Years,61176.77804295943,30.588389021479713,418975.0,38270.0,48108.0,6500.0,0.22214500980191357,0.17349021491175412,0.22198318848838866,0.19170533642691415,93073.20548175674,26557.88209869132,10679.167231799402,1246.084686774942,1.5213812897501577,0.43411704487022673,0.1745624332209895,0.020368589628893482,3042.7625795003155,868.2340897404534,349.124866441979,40.73717925778696,2.1504293574702675,4300.858714940535
2024,45 to 54 Years,63087.23364485981,31.543616822429904,418975.0,38270.0,48108.0,6500.0,0.22491002721128245,0.3819185976707888,0.24482119960108278,0.21745295179169888,94231.67865084707,58464.09893144435,11777.858270408891,1413.4441866460427,1.4936727005864654,0.9267183795149315,0.1866916266563627,0.02240459923481217,2987.345401172931,1853.436759029863,373.3832533127254,44.80919846962434,2.629487305992572,5258.974611985143
2024,55 to 64 Years,53027.74855339295,26.513874276696477,418975.0,38270.0,48108.0,6500.0,0.1976402258829037,0.22283587465482052,0.21491665479413022,0.21626063418406805,82806.31363928958,34111.71569215992,10339.210428836017,1405.6941221964423,1.5615657066019497,0.6432804828176569,0.1949773601725821,0.02650865180106727,3123.1314132038992,1286.5609656353138,389.9547203451642,53.01730360213454,2.426332201393256,4852.664402786511
2024,65 Years and Older,34549.60013497554,17.27480006748777,418975.0,38270.0,48108.0,6500.0,0.16233870731778682,0.05150678352743426,0.13588830317709075,0.25132121680845576,68015.85989846973,7884.658422379637,6537.314489243482,1633.5879092549624,1.9686439099946442,0.2282127258080123,0.18921534442378607,0.04728239698500114,3937.2878199892884,456.4254516160246,378.4306888475721,94.56479397000228,2.433354377211444,4866.708754422888
